Time,1,2,3,4,5,6,7,8,9,10,11,12,13,14,15,16,17,18,19,20,21,22,23,24,25,26,27,28,29,30,31,32,33,34,36,37,38,39,40,41,42,43,44,45,46,47,48,50,51,52,53,54,55,56,57,58,60,61,62,63,64,65,66,68,69,70,71,72,73,74,75,76,78,79,80,81,82,83,85,86,88,89,91,92,93,94,95,96,97,98,99,100,101,102,103,104,105,106,107,108,109,110,111,112,113,114,115,116,117,118,119,120,121,122,123,125,126,127,128,129,130,131,133,134,135,136,137,138,139,140,141,142,144,145,146,147,148,149,150,151,152,153,154,155,156,157,158,159,160
2018-10-20T14:00:00Z,23.597797400542895,5.868859034085659,11.656874434262898,5.081980738328738,9.462201120204822,8.072491661941683,2.4752199895947795,6.129440267827559,0.0,9.836892697254095,27.913006617770627,26.66636814391291,11.194998056310126,10.71165198948837,3.406535905941901,13.47839655408475,6.252454296768823,10.704118986946728,15.458111950987128,19.219276478869062,21.28029526929789,11.221178675151336,13.340422828512157,13.783205163284093,10.025484694247792,3.814638377372993,2.045019999705542,3.533333581650528,5.248752809774627,11.123332558364373,4.9590329565586355,0.9270781246532257,2.650582319173438,3.2252505952821418,14.187881720738298,8.398071189128398,5.66453941291546,16.581325118784125,17.850438407697602,22.793753462164652,7.416058295459107,3.704802305568477,4.611143148938639,4.115616362984804,3.714275084288417,23.48130973810743,11.139517680439734,4.877468647723062,7.660658555315308,7.274524426412576,5.915663545584859,6.932390855024665,5.166997669993741,8.162046280549406,10.252336873359798,17.765569030470623,13.907485733860954,12.502573471121934,8.877279464112371,11.2150006803491,14.359987330226657,25.8534085913306,9.5210639838762,8.246549669756435,2.7717439701491013,5.054570621511697,11.59643645079483,5.99023594090616,11.179037719557755,7.332218395363057,14.401514572879357,15.125157122942143,9.17753361123655,6.97933140259074,0.0,2.7324200746471243,4.662520050195536,2.8710502834772558,3.872798851553337,5.459561225113497,3.6692910207067837,11.492039118794358,7.556587652604245,6.276706266395186,12.105646274667812,16.02978748729329,12.468884195901786,10.672332993392068,0.0,3.051047612180498,8.763101448247212,7.847084059967441,12.299333411984493,0.0,6.363422073788705,7.47027424937666,9.910775970153832,4.29898556234702,8.546213781871652,2.9012538550239158,2.5297695402939127,3.1408472447415003,3.2052825465608894,4.406861387320135,3.577790662852775,2.2631529093631233,3.5715284813344397,7.15988147703098,3.5181130443141324,4.226986624551232,2.8875652023738048,3.787876617768571,9.533164688803508,8.355679561013597,13.735288179239069,17.799679350760996,14.793511030737498,9.092504055269657,4.087946815699624,4.78161352496836,2.6459141669526662,4.100433069453166,5.046272434509461,12.910111313698323,4.649370816068197,4.045809775306196,14.046977924589722,11.699458876502735,9.725316205208207,7.782938904912571,7.668980125076003,6.589192258323108,7.135377005057935,2.9533390235156074,7.2447162870058595,3.3894306810092285,6.642582257134401,4.1409886084732195,9.297617253476625,0.0,0.0,0.0,0.0,0.0,0.0,0.0,0.0,0.0,0.0
2018-10-20T15:00:00Z,24.649540464048314,6.035780516839041,12.900679543872458,5.534528372552969,9.875270562709087,7.567764304790764,2.594050641527392,4.799702832027995,0.0,7.806650036966195,23.919017685423277,25.573428579199373,11.463933595701567,9.335564722373588,3.569114141068258,14.3100942385933,4.826114855071122,7.469971425565797,13.840562465808535,19.57091357232944,20.557829304623688,9.653454700745934,11.635195399515188,11.648057772376163,8.854299062056674,3.691603978597739,1.8553002554169309,3.593968350966075,5.504708809315526,11.138847000330147,5.402972069841313,0.8385403657968784,2.6250440934712014,2.9330142724644106,15.4182533324013,8.894231262774136,6.040343370025058,17.876348644316295,18.875193373594367,25.548294272595793,8.481654451528915,3.9097533528186554,5.209121451708572,4.76019493417352,4.125712069510014,22.290695909322128,11.099125778756928,5.3430359537452246,8.539381273473056,7.650335731319435,6.109421257723421,6.61889437670739,5.432277391581333,8.656531694936355,10.999310464506905,19.08611531131358,10.515012445382904,13.70746283340326,9.39437071082707,12.45938225122827,14.17880937128331,25.791271288641113,9.106428190495595,9.27993145816416,2.5834875273624984,5.194165279622403,11.540788646903474,6.773196775475236,11.331441906731976,7.471269560350972,15.697189640434122,16.407200137996945,10.274870726108311,6.931105088583166,0.0,2.897940567313672,5.206119201568922,2.0268997538765356,4.251826483931359,6.225156734037675,3.9083603260581823,12.49479927766364,6.686246136855028,6.379038684771629,12.293482133817864,16.49811755097362,13.136151550474784,11.202641718034787,0.0,3.405417524662827,9.15861296837715,8.051517338771369,12.628510235804768,0.0,6.902145737117135,7.532981372097331,10.235176131840342,4.1186428303330125,9.320836544500825,3.009149105482762,2.6023691546043546,3.393834426283803,3.47136713405813,4.061649028345459,3.4352903965000063,2.334895271411733,3.8688512401285635,7.726469372296967,3.7511340202339847,4.805509383852716,3.078178823407554,3.961123152216878,10.50913990178223,9.94407245832183,15.182197331166249,18.905349976776268,13.535617293181462,8.344617051304681,4.191504381044219,4.972410035802211,2.54306034020909,3.113890860679839,5.629567390101295,13.792933970006516,4.759684163292049,4.199940805851962,13.938137210574592,12.555921929405864,10.001605708276042,7.959274484856542,8.217416059896143,7.151699109675204,7.550124555421696,3.10843483511107,7.332086852289098,3.394523651571941,7.290983961136069,4.58609558316464,8.933941131054473,0.0,0.0,0.0,0.0,0.0,0.0,0.0,0.0,0.0,0.0
2018-10-20T16:00:00Z,25.196213714568287,6.258435763376945,14.127665375294413,5.987333741092847,10.522612104659899,7.511101951651577,2.7276734723756735,4.142904425775722,0.0,6.749992366521031,20.631816224105556,24.580431673500257,11.871597913252256,8.233409563703674,3.9218990926029775,15.057012585478107,3.944499107141919,5.283938298564503,12.053760942433893,18.97761782048322,18.915770982759568,7.93141343986585,9.711180380555067,9.933992599600067,7.692984815757894,3.6029249786333257,1.8661855093522588,3.6729762323023145,5.987851891642801,10.9994954970978,5.974275210226075,0.7454542246998049,2.6596413054916037,2.6314046890532548,16.653702141835588,9.389759904340195,6.47472061208453,18.859425256811345,20.021626749696836,28.51642486693123,9.574062919324687,4.196230409858144,5.691045726249947,5.332854828721495,4.469215603710808,21.167087832393968,10.986585527970522,5.8039090538815215,9.436237147624169,8.065889243087842,6.430070382388573,6.195525988984839,5.644994748220947,9.130236800977393,11.712407336773367,20.356172646745634,8.554388557307,15.036075810240915,9.834670947175022,13.727989339659626,13.879115739504126,25.485974960641066,8.56400500746881,10.26693308193183,2.5336982268996193,5.350225264133819,11.119481802001012,7.317043104241151,11.646235928573697,7.538511391971685,17.050722763398014,17.257884306822124,11.57952509287017,6.688888529788193,0.0,3.1242976750577203,5.657249363909649,2.1824656540168266,4.705740293590545,7.094751423585216,4.158268395004343,13.481926478871227,5.772183554534377,6.4362182316252525,12.551112528631352,17.175027220266593,13.586541993638155,11.66710966049231,0.0,3.8137761553784206,9.542678230573172,8.309919455183223,12.951960656164387,0.0,7.593845400363453,7.564671412420096,10.65904862355519,4.265834129194978,10.032876528815576,3.236878216123155,2.9606938649557124,3.7729825208296672,3.8507991626286384,3.762345756726693,3.3007892631789812,2.4104138469603695,4.432101552821907,8.260103253069307,4.10096936452486,5.50908491118213,3.4050898463731816,4.116107867176298,11.378502332265986,11.749667235069303,16.72192822989959,19.960887824019125,12.645226178298497,8.327192954763648,4.3026554154906265,5.190086600926067,2.9342736376227743,3.1544322807678133,6.220495296408601,14.76695722115759,4.874050417879408,4.390845362979695,13.946712475687582,13.217431007563167,10.377950888449831,8.184497917381206,8.786041017856537,7.633756267450686,7.9385288364081426,3.1757598577202915,7.428285299184944,3.435794414085599,7.997360108264158,5.177532627884993,8.764142836189684,0.0,0.0,0.0,0.0,0.0,0.0,0.0,0.0,0.0,0.0
2018-10-20T17:00:00Z,25.205940399536743,6.499235414311701,15.329519345938158,6.422467557562159,11.409060954834299,7.777078035824706,2.859730989195022,4.030060758943348,0.0,6.559176928132805,18.18373165692883,23.64824910709943,12.417712201675451,7.413450232974094,4.384966015277629,15.757738072939404,3.6168686452060057,4.196573181399758,10.355587199950364,17.701485741409158,16.773840103250713,6.317426435410464,7.862916596283202,8.781915799523105,6.634498155855794,3.516106856863202,2.012452014311599,3.7794256666556665,6.5985476175467825,10.750121697477995,6.677162551089713,0.6555730684617336,2.721546420275008,2.351401626988317,18.00047076783465,9.96122277127351,7.007097337078575,19.4223226109697,21.228134264993233,31.415984162297534,10.539636884800252,4.517801079536338,5.964302089377057,5.74720106612989,4.720433513230359,20.163991062051405,10.834178807516334,6.238983299496144,10.34765581729196,8.422666165846618,6.820628129688597,5.710587193983336,5.823365745419931,9.53050146175262,12.345941090393795,21.596045569625506,7.938728468815061,16.563703947980873,10.256506877078587,14.963919662779627,13.561982777535299,24.7791860277275,7.929632445984305,11.161283136200376,2.5907315270166515,5.5934489425274485,10.342242026825856,7.478642612392083,12.070208219203279,7.564547151082714,18.474684594265675,17.570559444775338,13.031456300510373,6.287652689199614,0.0,3.403287518098219,6.014740077119244,2.9802940170988133,5.213325206406837,8.001419632734741,4.438327367256161,14.424644027722103,4.914062241367571,6.4228168633141225,12.822464748715987,17.913465924592852,13.759618297137106,12.032659630547217,0.0,4.299182645091364,9.918201562693477,8.60239096389063,13.24783076162638,0.0,8.329894045746526,7.547118313612458,11.160448634279186,4.646078102363058,10.709885063928432,3.512153422244056,3.512445582241577,4.213364856760646,4.296858517445461,3.520682679854204,3.158456156765372,2.459339105433243,5.27507593035242,8.738953851165133,4.560420050233337,6.2526126012942544,3.7567142472683046,4.221082821266531,12.029515494262116,13.446732913085752,18.274606467914403,21.02797942204822,12.09205481161863,8.881971808559378,4.453088037207423,5.483715175511763,3.5896009711796024,4.022804098366697,6.814366114867278,15.793348793510667,5.006489723181014,4.6071485483196835,14.036994020386295,13.656035265037122,10.811098810951302,8.426144487513348,9.34192320590816,7.919624699280157,8.266441373082504,3.127453732357161,7.528225575186223,3.4811995175339385,8.688981975658814,5.91625996030969,8.741394946029489,0.0,0.0,0.0,0.0,0.0,0.0,0.0,0.0,0.0,0.0
2018-10-20T18:00:00Z,23.693483348384156,6.671169332338623,14.608684123453001,9.244550594759055,14.982868118534203,9.965035997003916,3.1368273357802816,6.818009167963478,0.0,9.549086654173674,18.976308450403597,23.174535346447986,16.088067775739166,7.841402755791742,5.23919474009044,14.606962686721518,7.735471839668338,8.536677179642076,7.660325067037585,12.312160924887916,12.639141284178018,5.963574607424077,7.799512302208707,10.447878609831076,8.095979693157215,3.5996699088220185,2.19611681449499,3.9172084515901093,6.710432289208896,8.468239951854548,6.932496155026499,0.496912906884617,2.572058368896447,1.5305212785340623,18.22398087252374,10.40121127190341,6.245963042638718,13.716588808068726,17.08754527006052,25.047524740484356,9.62938619499403,5.565581356573076,4.389906524005686,6.104849392858326,4.000657934687288,18.029031332288817,11.000984028035793,5.351247152378995,10.090101549626052,8.263933674003118,10.335754746746684,7.638255585391441,5.1122206729043205,8.74529800381246,12.10638668905671,21.901287752506118,10.154384455026968,17.78977836145829,12.435845572645913,16.298526752044673,13.41781385002918,23.680512746619762,8.5898815819462,10.990908561274667,2.872432273743419,5.80810864243822,12.530604152601097,8.39282652356453,8.65052287822194,8.993228978033404,18.69289322844205,15.84929752297981,12.210367737514398,6.480602499212801,0.0,3.8865846110258047,6.36237854445458,5.663448000725575,6.114226578243285,10.435927068675673,6.484618468122951,14.887938694224994,5.48032371672657,7.492996048347656,13.465390060623978,17.339177879494017,17.479793495599253,14.913218444248026,0.0,5.479162739246213,10.760476467553088,7.99775207642136,13.76576677642816,0.0,9.446328140151342,7.030617607098714,9.860348127614872,6.252062426850619,11.35989950809506,3.6151301189708267,4.142785609010958,4.996278962307217,5.444942421932208,4.550993459462502,5.3980006690367075,3.89096231293311,10.074056121895152,9.963008672593903,5.46172274943957,7.435446672780848,4.638501293585801,4.985214144540956,9.516218706113541,13.941628286411037,15.012088199418269,19.04339510656359,11.414302880726312,12.587433782638604,4.024543579912384,7.896009561393339,5.380398562391794,6.461617645780194,7.102761540791196,16.16133619897264,6.88453771567323,6.206437421329147,12.58359919818029,13.674549440040566,10.660452507414584,8.850217699188248,10.775180238276853,9.64704892131917,9.97401405097686,4.0036125463341445,7.562921819251303,3.421909335221125,9.190181968049872,6.861212514203066,8.24060596389579,0.0,0.0,0.0,0.0,0.0,0.0,0.0,0.0,0.0,0.0
2018-10-20T19:00:00Z,23.74346126536604,6.810301800967776,14.858176781769153,9.45186320397172,15.422408078193572,10.132668113567876,3.122172634731929,6.798541137812008,0.0,9.723757124433115,18.691294815498132,22.848400379900745,16.628889874323733,7.602570995797352,5.328847372150178,14.866936196456615,7.636259831990484,8.527015962482961,7.469465326783679,11.526674560752728,12.027381660826451,5.761564874312425,7.403329142050154,10.232391821894863,7.783933560014156,3.5068777505070545,2.2299635188009463,3.9485328807159616,7.005566530672144,8.363994215224052,7.0526372464579445,0.48382419405059407,2.570484330785248,1.4845387540268753,18.65303191315092,10.575494517259136,6.44491497765644,13.381898726923415,16.990097795034206,25.4208123394421,9.738662612844548,5.6221391687495075,4.19827561738753,6.01428900533833,4.027288722144497,17.844653424590646,11.003802442936298,5.628322509702032,10.459046403589161,8.394905715185988,10.384117723062566,7.485120098632393,5.158304862868913,9.058096687675663,12.461664273392667,22.40292255905418,10.345150145359867,18.395673188459547,12.664729460892866,16.611022327588845,13.408805238820012,23.30889754212273,8.39126901115962,11.14726977144226,2.871013086830646,5.964650215672491,12.265858178083095,8.382973192512715,8.547210275363708,9.004614911659987,19.149299378294373,15.900477668338413,12.855258666887169,6.176228909559899,0.0,3.933014691862941,6.4086660305633725,5.746984208316602,6.299110614145439,10.753032418077236,6.596165106733023,15.262817267815466,5.312735614978817,7.525742653741586,13.546084058154497,17.675253596797045,17.518492264451638,15.005565862151217,0.0,5.701501348988173,10.944227604537819,8.168566036959957,13.78807131440654,0.0,9.840232951323687,7.309716971519403,10.22891684997886,6.456932297338519,11.692007272411383,3.6071467475217336,4.262645223977569,5.146027287333798,5.6603303984336115,4.51691485421483,5.219823874765022,3.7790121578019353,10.351086300672707,9.972131442803086,5.709388405224011,7.662898305987994,4.690084782268183,4.926504374397141,9.319833323856649,14.055567935166726,15.241002861708077,19.39543218390533,11.165033630625725,12.611404163368885,4.176088941346251,8.116212328855651,5.485069026679465,6.698821963319871,7.347126570231944,16.808141478475868,6.8654693501059825,6.302433948929823,12.876953729675291,13.96714409709215,10.839547354598713,8.923708412422698,11.081439000485526,9.617564306794238,10.173217911540121,3.9152344317406906,7.677477856109503,3.397817437792174,9.530669854194668,7.122186446303845,8.146273459408318,0.0,0.0,0.0,0.0,0.0,0.0,0.0,0.0,0.0,0.0
2018-10-20T20:00:00Z,23.490620510258104,6.889528463284899,15.132558783167033,9.68133461539568,15.957278454834752,10.121595745913934,3.0979040945588294,6.626143879013886,0.0,9.761339328206496,18.329618406696593,22.43667233633141,17.068563529955444,7.348642014309096,5.365739827369517,15.09041030329046,7.6001168377400905,8.444417604954646,7.351183226463095,10.969811036921557,11.669893296155772,5.729061163010944,7.224876542635527,10.085845962685639,7.646988605776817,3.392023583725579,2.1619221630446175,4.002688743455285,7.147937935554433,8.219458603756522,7.182707461404143,0.45127765964825295,2.524980744529418,1.4201720566122331,19.295599983736693,10.814700736477588,6.622847408499916,12.922857802118425,16.848955147499716,25.418291016224664,9.72838253312884,5.645702495594903,3.885344892544648,5.849961748349848,4.00921946249321,17.555085628423345,11.07894091830652,5.77419514613223,10.761370606668772,8.417689083252368,10.49080832701627,7.435145600130187,5.1900194574254215,9.199741977168882,12.76775067305629,22.92290251756966,10.40625823114327,19.085170833439108,13.003513537252031,16.90564123779399,13.440913185157221,22.62110790530854,8.248237332165955,11.35622914289152,2.8221815997130713,6.239545775368786,12.042993076407656,8.128421144770956,8.289462409953888,9.017932612198228,19.52308212296826,15.77760944447447,13.343969809055656,6.046304840846434,0.0,4.029808017747073,6.523984368455537,5.562479195839073,6.5082163890641915,11.08385575569345,6.831303980480174,15.550414852385321,5.228639182669275,7.5395930250099035,13.557296138606514,17.754575854748204,17.626875185894093,15.233462610327306,0.0,5.992881367225603,11.130504813584357,8.289383984562903,13.782607459409553,0.0,10.110298209588162,7.4772148861810335,10.461776142659243,6.602514343390235,12.043253690533685,3.5561413419065633,4.277389216145374,5.238581482859213,5.8291792009320496,4.453049242921004,5.098950985507901,3.7110602297322934,10.764885721299601,10.049487262616319,5.965889532111068,7.8540160537550765,4.683685810240657,4.862716974302369,8.989439050463641,13.914308025950943,15.467984343224833,19.764265031664447,11.039260749599533,12.503390948536568,4.3482009307617435,8.477580976611796,5.422058121286192,6.733188716741127,7.599458002383278,17.31533381768738,6.896770767822071,6.434364914161122,12.990889264824995,14.198434013593912,10.943219373361998,8.94845188694395,11.329097414029727,9.505015473679965,10.313707978432765,3.8395584262593108,7.710290519769366,3.3738188877971607,9.766418946333081,7.406487966146889,7.946351863602673,0.0,0.0,0.0,0.0,0.0,0.0,0.0,0.0,0.0,0.0
2018-10-20T21:00:00Z,23.304439631862174,6.903040597737556,15.35909975396311,9.86476041993261,16.433160503445954,9.92697502128143,3.0618301131583894,6.225712960753838,0.0,9.544139634107868,17.911089125601908,22.024306504317817,17.497453635825295,7.023047848832906,5.312315046969633,15.306160071050451,7.401415193900655,8.12176037019163,7.389761526499196,10.762206955570532,11.70615754488932,5.849505869336477,7.220200695521949,9.875318155818386,7.565662136247338,3.256439775003268,1.9982740718331693,4.027819484977297,7.172461601600629,8.141646061849945,7.23168257370639,0.4161775767200788,2.4575469511012416,1.3665830985185607,19.935330044805735,11.072809801690328,6.818403186390764,12.543403823064567,16.568701059089793,25.07005621218761,9.523850461160402,5.566566636456245,3.486164284500033,5.5768644125125615,3.976238005478909,17.2782106233487,11.226070377856477,5.908113762507853,11.019719284654473,8.402031104215753,10.547515049807984,7.502422084431484,5.2309985089764695,9.309172409976211,13.058709568601556,23.459735674186682,10.16618326499078,19.750667386511495,13.379394060140902,17.151572281220187,13.674201330901534,21.901476946109046,8.176028440745222,11.48024444963175,2.6882959946656944,6.538734265245556,11.932942343015213,7.820716832120368,7.998070981850837,9.08045652063497,19.873242815108277,15.747594566101375,13.752826662797073,6.035203548227739,0.0,4.1510802389518515,6.674757217255031,5.084478177364482,6.681206334280741,11.333125036601452,7.0841913742853695,15.805239494434199,5.205309744355513,7.562736428228915,13.534256995080057,17.699496279402673,17.758952545368757,15.459502010406009,0.0,6.253486818447582,11.291155586728376,8.404943647653143,13.78230792501537,0.0,10.309460723746131,7.6545701277486415,10.674826012509309,6.666849920782077,12.411186376903197,3.4436120422208725,4.1977574010865775,5.2855921421077685,5.94044090575807,4.395280033066443,4.963595394816376,3.621512894792324,11.083956106968854,10.099870939814538,6.151015568337419,7.915733881943066,4.608418779567847,4.7242025578652544,8.581698268601839,13.408712346878287,15.532121267529375,20.155867129828984,10.89745034121309,12.10500615083177,4.504914825415197,8.797472040879551,5.170952766190409,6.4528958364300975,7.799224159719859,17.77189234794609,6.938120551088083,6.562580418999619,13.073393501413113,14.50486068506706,11.007329251250054,8.936672602070681,11.543235085937164,9.358551741444755,10.438771938211188,3.774597572594009,7.74782613258671,3.3433002377333407,9.931413042591332,7.610041048036136,7.692713821736778,0.0,0.0,0.0,0.0,0.0,0.0,0.0,0.0,0.0,0.0
2018-10-20T22:00:00Z,23.2516833500945,6.82097029302855,15.527200611781728,9.954663060891173,16.744582897567618,9.693637776502918,3.0437403579163185,5.837247149119538,0.0,9.25979361168999,17.536309393785675,21.76275701622965,17.828072098207794,6.732180011297196,5.241455583477002,15.475389053827433,7.138444388483649,7.749748931924575,7.364923582531214,10.780094414303294,11.776260814041024,5.892214150848007,7.186045337826625,9.593821160309146,7.483099326531899,3.144843496434219,1.8303039945748285,3.982524271071324,7.118030470885331,8.12004978221625,7.207020514767228,0.381837108410888,2.4308321483304898,1.3176874645159546,20.38443382791464,11.286295488569374,7.025154781496802,12.466218722581672,16.222415028421032,24.58740773812882,9.1515092510326,5.3865388399690755,3.110818596957589,5.25511081874032,3.941373793521485,17.072722959427676,11.397182438101128,6.046626385672489,11.214634943211141,8.416675538009255,10.6151777749462,7.633608766761425,5.266910555233797,9.402034347694213,13.287463168323727,23.899216831929813,9.869419614864704,20.23294129647065,13.68463583194731,17.397571843112384,14.03360487081572,21.456231651923705,8.17511123787332,11.49818306945197,2.5096914063067897,6.75190805377817,11.948290431532,7.6120033695789475,7.839179719768476,9.175249711238207,20.20237498899525,15.892484031130097,14.085102682748166,6.10986250389671,0.0,4.2711696310932155,6.8090792173600025,4.742583026205115,6.794964363541974,11.50449298652631,7.263301442096411,16.013999644231898,5.201691223531147,7.598520266041588,13.51791226829804,17.62411610708835,17.902939295480422,15.614402460275562,0.0,6.402903313369057,11.387605025314345,8.513781820566932,13.827302678541088,0.0,10.464990198467799,7.8074039133838316,10.836460890255713,6.705227802721353,12.704329696979807,3.3503492464861675,4.146027235184343,5.334656385209436,5.984892553573533,4.370363157337131,4.8756689521746726,3.5584854398907666,11.267619177022596,10.149912580698382,6.2057937342085925,7.821359459329216,4.527024295360936,4.5038545456942645,8.261513583255498,12.746494166415951,15.428428324224695,20.4618243238034,10.804003814517763,11.667255921506099,4.556270724924728,8.93440193861683,4.935648644934724,6.155453853625202,7.887850853098048,18.063263730197257,6.983371500943008,6.673434926957759,13.198948808345962,14.883222471985958,11.070886722864657,8.950554999109805,11.711392586547314,9.27353314328578,10.542991815238256,3.7574470659898744,7.797241836215957,3.3393308313417838,10.027580629063062,7.713854673858572,7.505589669833104,0.0,0.0,0.0,0.0,0.0,0.0,0.0,0.0,0.0,0.0
2018-10-20T23:00:00Z,23.3252422476247,6.6097913655715335,15.60600978845015,9.88489651473911,16.754020760447705,9.849574538648055,3.096895962813177,6.152164070509858,0.0,9.576637523102548,17.692799962746133,21.99030133186347,17.92159105638019,6.808823452201125,5.3420392047842284,15.511344381779582,7.215551989932923,8.105160417175403,6.8601403554859814,10.496011792750009,10.947039531903112,5.425532754824925,6.734378146790991,9.415510153910462,7.321859821728892,3.1507939070232833,1.9042979186322917,3.806548963888201,7.119427822395998,8.077346320746159,7.168687722389331,0.36021021085284577,2.58239315082511,1.2726162727149704,20.287753998622225,11.324990877803755,7.227147017150816,12.947794286703347,15.957186206464302,24.423888479267184,8.69782186626129,5.162873770139259,2.9547378967658755,5.005390281826759,3.9126949386908723,17.117152901557606,11.46476312425485,6.223000979222837,11.324682820599504,8.593941446936046,10.846408357904021,7.647746690965743,5.251565704814492,9.512393098266308,13.362745934540113,23.984280789039623,10.425255251505277,20.240786999638836,13.697480359947164,17.736053117035667,14.247014160364055,21.840322392027176,8.214962720510378,11.383386715151152,2.428638618693582,6.676382521920445,12.013259111089239,7.749734392044466,8.127334061841575,9.231216530378216,20.504647323909097,16.217457575895047,14.38627866018628,6.111464281372401,0.0,4.303866580550103,6.767037936333288,5.566213128632793,6.828377598343909,11.65113677373517,7.180277613219095,16.142551085262514,5.164165109492816,7.6389325062845215,13.602649523533593,17.80338643701311,17.987297039470615,15.54425364937953,0.0,6.314635303658607,11.36056374644821,8.618518196154886,13.967530029457068,0.0,10.658367585305795,7.870483467482334,10.896294573211255,6.888766528682371,12.725953711729852,3.4594953766067844,4.417977109940111,5.498154386647634,5.980857487585126,4.45020287165838,4.969211542415706,3.619483506391554,11.335534041035906,10.252660611878893,6.077579559684002,7.574616645936979,4.573016571479389,4.211104501614047,8.303474640519992,12.419561533342549,15.1882018410173,20.43147007435149,10.961916637505032,11.903699517159493,4.350477078641413,8.670731801774245,5.203146218684055,6.689725565926119,7.780633955220603,17.97881113513172,7.00989207243363,6.744532083231681,13.571288147083065,15.255527658932111,11.236717725960588,9.133258817050047,11.822750416326036,9.40230043556548,10.611318814122848,3.8374024277558516,7.869934127233952,3.42711849107195,10.081827388153657,7.747980788996442,7.6586186912503305,0.0,0.0,0.0,0.0,0.0,0.0,0.0,0.0,0.0,0.0
2018-10-21T00:00:00Z,23.03797964436102,6.42410173839728,15.586528922060813,9.945222274713712,16.906366754514593,9.769123051268423,2.9940595876654057,5.965818279007638,0.0,9.407309480465019,17.488309713922593,21.62386320453908,18.14335505598295,6.510464904891332,5.395213843748637,15.464778280673148,7.056315481626234,7.831587796043124,6.612031888791822,10.190713477041866,10.758929470589205,5.28769579575713,6.623927999405415,9.044569236289362,7.203380640213472,3.044261243485191,1.784569389397133,3.6501985416814158,7.062523950754615,7.901047329145447,7.100890241134051,0.3216534422113554,2.438057641107112,1.196516410724128,20.337438211089584,11.212865040947934,7.285136353049733,12.732800649402352,15.729581935427921,23.664447075486027,8.209923107392052,5.071023075163682,2.898112391583031,4.886087841617113,3.8628923326918776,16.820778547925553,11.72029575529944,6.257939843148375,11.350234650904428,8.581029858726948,10.921642687484885,7.778801960470808,5.292755087533088,9.57588826681317,13.405408858517095,24.10578756493153,10.365063588413015,20.583396314281924,13.93839523505995,17.88522768873501,14.597767611965915,21.536317559910607,8.187701700460849,11.194484378843638,2.386858444132744,6.684552960572336,11.991379925052978,7.708378792840648,8.074652174605724,9.258515902963204,20.721345883946483,15.992849686753056,14.412143088788318,6.12618729728248,0.0,4.432879296260838,6.826071678499372,5.6287395824308355,6.930072471492692,11.791050925456437,7.230840786934925,16.192793312877384,5.098253116741059,7.685631496517989,13.60223797266324,17.867809057481566,18.00593355686543,15.700759495519451,0.0,6.40102648324803,11.33349278652472,8.714872822664248,14.036516449931504,0.0,10.949350602586625,7.981653007545249,11.005063133397496,6.989203868581271,12.848743982053906,3.460403552500611,4.44804380000418,5.612609220219301,6.1620592962376115,4.388700606377281,4.901177840723633,3.6001198922943036,11.418189709805693,10.191570796627099,6.050647176458982,7.5012522983770005,4.594244001186373,4.148796388843593,8.305270801159836,12.283784353059307,14.901438169193666,20.562320697692158,10.914782244780358,11.806363114176678,4.35066770539669,8.634105013981289,5.140232629603282,6.560718426055952,7.889329978918424,18.030029574021665,7.05519830195084,6.754762439001572,13.551472355084712,15.332112212154312,11.289167853964727,9.05972117413304,11.864799412441629,9.39231174306215,10.690091313349793,3.806938746259856,7.836291524184134,3.4412102690042192,10.15522478641088,7.800710664119274,7.506045678484264,0.0,0.0,0.0,0.0,0.0,0.0,0.0,0.0,0.0,0.0
2018-10-21T01:00:00Z,23.047571603682563,6.36504641159189,16.141874350232296,10.019332306942525,17.598291738448257,9.534339603164275,2.830038117537727,5.815265896396177,0.0,9.15678292686527,17.137570064419876,21.321726030387573,18.481523631962656,6.433187718798489,5.223088775863539,15.85392676706005,7.236737288211668,8.287339669349798,6.676576480381723,9.935415381127036,10.798233229470561,5.671419616823952,6.907767493311947,9.02307249568372,7.1955897209621575,3.055319361510563,1.7655078352238176,3.5971177469464446,6.591403250556377,7.834276532880996,7.186629245116776,0.3727097572962923,2.2801764337754995,1.1931987511256619,21.241430418328115,11.383530291008514,7.543487108592041,12.389390717053047,15.520647325762699,23.812894029379873,8.153880206565118,5.084051885380427,2.959761979722218,4.896772749457355,3.8846999387538226,16.81855564570039,11.762218065892975,6.47613181708099,11.900276888505738,8.617088156508053,11.036319385698315,7.637311764997163,5.490598434088568,9.954357910438025,13.92070024137141,24.877911551868966,10.06883597420965,21.523044023813767,14.583400452159138,18.523191539663486,14.545841341572462,21.364535051030558,7.95489620441992,11.394385420959317,2.370657534925587,6.795122393016172,11.757060783409077,7.836698357893953,7.829820978671207,9.287397525101332,21.61104565318122,16.11285870677454,15.277522704980406,5.885789485824346,0.0,4.209427886667996,6.836294426565081,4.641460360142832,7.173969184733709,12.37470824343095,7.441568311861481,16.69508337233132,5.2717530642960755,7.674531021000718,13.684798299433528,17.94187517056822,18.22247462973462,15.899850969438548,0.0,6.75880959929163,11.672386543453605,8.905782165762153,14.0170709670321,0.0,11.086806943468368,8.110874075113992,11.15217361444824,6.773773084015129,13.391895777739363,3.4903816279702835,4.346035173743823,5.639934299255727,6.399185437173996,4.525369341656263,5.178126162399326,3.684986403944062,11.894574697975525,10.559379473998082,6.123664205145924,7.496410163822446,4.2196568020721426,4.199163686870198,8.34918733499572,12.10407043515778,15.09480320400654,21.135026018803448,10.469010992346787,11.846489297611654,4.389404727716797,9.064003656633941,4.5029395519286,6.148463885454966,8.431096369399716,18.292369000042967,7.032023972195188,6.847121718067697,13.946536854224432,15.625105198760442,11.4621508823991,9.217981250452402,12.13331425801561,9.319365683340555,10.933935428037726,3.7581826540935084,7.940819551679269,3.4668583917732945,10.478152912183495,8.153276070565918,7.194587483931423,0.0,0.0,0.0,0.0,0.0,0.0,0.0,0.0,0.0,0.0
2018-10-21T02:00:00Z,23.032973851519067,6.428518678871189,15.900429722915968,9.725090833730059,17.521233891741453,9.391644585605132,2.815165233372783,5.659539606393371,0.0,9.05812529047178,16.95381068986687,21.331471522698294,18.44016898382539,6.3039946858770834,5.135073565546937,15.542272695529578,6.973951884941256,7.807541478555858,6.633132724154722,10.070978322177249,11.08210499301774,5.732478090425967,6.855936582657271,8.830115299069565,7.270829733680975,3.1783118020112644,1.701309089881152,3.4890549794776313,6.450452385118325,7.944406457537825,6.900810007611895,0.3772135396369808,2.1831847528245976,1.152752206561199,20.819559420706742,11.139661405284413,7.405078282844386,12.568253343560775,15.436739026738964,23.41665902336631,8.077207754080321,4.9074071001812865,2.9734588544637006,4.8318279726711415,3.8076609966430257,16.661466901664706,11.801509595058679,6.298072843825352,11.60328695500217,8.651838450671312,10.930231823935376,8.097893421613902,5.507270763117425,9.908232060523751,13.750633152311282,24.742131764607567,9.977974430415713,21.301493281750588,14.450521779847028,18.23806629224295,15.116957339468962,21.424400686430495,7.983251727452535,11.027894386262565,2.251163547636686,6.580413336846732,11.926360126360352,7.853304476172625,7.919717053332914,9.346961305902202,21.417911215656382,16.212355485726302,15.165129624246484,6.173372836581393,0.0,4.510436398392431,7.013853747400789,5.0051011912225105,7.041264017572431,12.115726788880382,7.55026036607023,16.533048319338334,5.17661430221213,7.702548537687711,13.643555312881618,17.95142539764423,18.152292382365037,15.9200696846185,0.0,6.6047364244327085,11.512638455755686,8.891191709771926,14.088923418028026,0.0,11.068390834040917,8.108582396964593,11.167741513078402,6.907206348141376,13.269257561071846,3.5212054088364018,4.307311685210138,5.6308662380291645,6.335360665196068,4.540348164224021,5.220495163854984,3.693939340731767,11.520222608458043,10.374437616788247,5.802344424384676,7.319601198333622,4.364878613029769,4.1725334400696426,8.353736632969037,11.941321023203775,14.65423236388821,21.02390132861271,10.654622302047411,11.76895219791653,4.20376245343481,8.77354713282931,4.77432882352467,6.0101095405320475,8.22184977934226,18.272387932161756,7.038518552668803,6.849450318423017,13.70132373920299,15.5057979546126,11.311947664576339,9.09484755795282,11.97472517946297,9.368667325884424,10.909807745324978,3.725236088202163,7.945486878567476,3.526610613399211,10.399477157802407,7.764671305020238,7.216586813181446,0.0,0.0,0.0,0.0,0.0,0.0,0.0,0.0,0.0,0.0
2018-10-21T03:00:00Z,22.83568434833373,6.528397022824578,15.197646000258866,9.271240947302244,17.042639182558624,9.54202154586881,2.8691760371235806,5.949805835289741,0.0,9.561713108538106,17.592946495455983,21.717035911769532,18.155727837712952,6.486855080787278,5.146827800203514,14.863000831735585,6.931234187130496,7.747181702421608,6.681495452463086,10.107762560623716,11.22895152851095,5.744606488780905,6.804208912431953,9.002502411320409,7.5099709488903175,3.369588266273403,1.7465993687327377,3.3844854784537426,6.516447695184934,8.07772019667796,6.506572471378562,0.3784003147322258,2.176822692302689,1.1505711425004583,19.670990861976982,10.674036670066062,7.058753344967885,12.783710706739871,15.400130459655282,22.74630633071151,7.97108161144515,4.719821292606973,2.961346561203854,4.7334380490306405,3.6583223675438754,16.69696342920172,11.773905291186331,5.922408668620786,10.88266092591701,8.65431941797626,10.758763212892793,8.670328875425348,5.389053970574932,9.61797485092899,13.188850185704963,23.979691777814544,10.765127362824094,20.3834621295861,13.860849943198561,17.454805300923475,15.708489217397181,21.698740998603732,8.147137596780606,10.383569197342899,2.207146467175816,6.207109557978441,12.172369095281494,7.759696914390899,8.201603112130984,9.352711508372616,20.60211237365836,16.05483113983784,14.510738675713698,6.560059490810715,0.0,4.911030386342881,7.09465203277523,6.278326800486991,6.722446698993436,11.461030831792192,7.504109635068823,15.966704126865592,5.085195036115011,7.714348421241807,13.562917420398906,17.94850850380361,17.837928993275302,15.73652406944607,0.0,6.191967111378589,11.109131512998841,8.755664409371906,14.138198058120762,0.0,10.921884858430543,8.003402194940861,11.061588503578614,7.23467207444228,12.715305034600755,3.5864093828192534,4.382102108107738,5.59921947424681,6.131994925590474,4.562189396351878,5.202660406465394,3.6833177969598174,10.848422709188013,9.929628241049992,5.368769330109715,7.079657442728422,4.7210155306195745,4.132895428186212,8.294976189226462,11.838349788107909,13.924107195729169,20.422088218049453,11.307455585244123,12.012152487766341,3.930566220597813,8.180231241223025,5.547063267079963,6.443571958336269,7.646579806378894,17.966800769692682,7.031567370776392,6.778429936528283,13.283763379949088,15.042762110557705,11.045480284805327,8.887894527652431,11.582378463910123,9.414807515070562,10.70307609305628,3.688681106642356,7.891906788982361,3.5989726193174723,10.084985108129727,7.111169491354245,7.516221582076048,0.0,0.0,0.0,0.0,0.0,0.0,0.0,0.0,0.0,0.0
2018-10-21T04:00:00Z,22.44815215207354,6.6127399143996435,14.289839433960337,8.793823737786395,16.403156490713563,9.975807754820865,2.9397854154156144,6.736263807072164,0.0,10.66778667238879,19.129774887425647,22.41259060853175,17.735729628071528,7.0575480526472125,5.228980868256926,14.059856604508992,7.323835564762114,8.556678882106361,6.924514220440848,9.92405641328399,11.181744482089043,5.867096159395807,6.936896034540814,9.686023372664298,7.916867919251748,3.586132807778785,1.9290899093569287,3.3144272801335166,6.676073328895278,8.171209901002381,6.146065358474784,0.3959860730746825,2.2504650158640134,1.215291966529924,18.244048040989988,10.134783253745484,6.636632143309495,12.817857675842207,15.363803234828476,21.968114628848568,7.8332335387725855,4.60194905252079,2.9368944469902893,4.627446803715097,3.4696866382053457,17.03833517540012,11.672195587934704,5.4824937733636645,10.024287993961023,8.606751747573359,10.593646579577898,9.110305833144336,5.189040618968887,9.212467168350148,12.456355162966842,22.86311861538868,12.440061161744547,19.133658084622763,13.068476857387406,16.46994982923173,16.048461672145265,22.120583404973154,8.369387830267131,9.66215202972179,2.293519058790935,5.797945076724932,12.346358308140177,7.576226461551336,8.553949844795435,9.283866388211985,19.503541903771087,15.60552711897199,13.610538286238157,6.842916459029478,0.0,5.190970584380205,6.9857206289105935,7.966463312878651,6.341586730479629,10.690005428929142,7.314019217982619,15.201931547143912,5.127310178235657,7.688768148397391,13.483112775826013,17.932268992226913,17.360993882337883,15.385746535954093,0.0,5.693233936001412,10.633083442746889,8.55933831938333,14.114925687331107,0.0,10.670666270000034,7.829248072668521,10.85839352787229,7.6156854232691575,11.938173063452384,3.6789325549273415,4.54403991584188,5.543784653115046,5.883887597084158,4.641989204125402,5.207873301621271,3.677587325685348,10.184713302289886,9.415507820560999,4.9777187296020395,6.835121873945958,5.086850445511789,4.111853085494729,8.172259136923355,11.770998879633044,13.129112477392818,19.5365983356417,12.226783893861512,12.640078098500108,3.660916995961324,7.547755335998074,6.4774134609331515,7.380330885086643,6.961426621485607,17.433511511294988,6.995912717418594,6.654311272136246,12.9299353457131,14.352216655684403,10.774863012117576,8.69747169284785,11.092569081149595,9.396661174266555,10.389618941189804,3.6436683260185085,7.809850276080694,3.6651597390115467,9.65202931434802,6.463969319450914,7.991739781547996,0.0,0.0,0.0,0.0,0.0,0.0,0.0,0.0,0.0,0.0
2018-10-21T05:00:00Z,21.94720654351402,6.655401992300896,13.363967160351725,8.373639453230085,15.749024675904037,10.57334623971335,2.9967949217142,7.848270967628437,0.0,12.134072960376882,21.30414325629604,23.287418576497647,17.261296492166544,7.9235743603671,5.334021066173378,13.3001214312697,8.097045535371356,10.137976492417948,7.387610029921901,9.602544460750476,11.050252854369248,6.167198504042538,7.321499263160236,10.789482219441327,8.44760399115066,3.791243732442776,2.206123424047249,3.29016703012098,6.837467124639462,8.217016793959088,5.880023100259842,0.434267064202128,2.3734464170570035,1.3449853123898092,16.85277004277372,9.627765969117366,6.225540255192737,12.629146962079885,15.306330036652598,21.183941948222923,7.66924126481278,4.572129207564079,2.910050453673991,4.530153571762845,3.2751359605279933,17.653402264529227,11.52002973849145,5.062302608906356,9.208346234736494,8.504140972563205,10.455593617389185,9.335249624242188,4.958387007401921,8.78042498373153,11.710888482154841,21.63154792208041,14.65233747255378,17.82284166191932,12.26146518163311,15.480889519103911,16.076308508136936,22.607088732308668,8.605623255771546,8.994900965920698,2.4916896647585234,5.4352216997733365,12.412519720133686,7.335888589481286,8.884322833490465,9.156598993970148,18.362171561517087,14.94731889804643,12.656876108774837,6.9642150903884135,0.0,5.269255946299268,6.699640301010103,9.616872737578392,5.973626441467214,9.962127734513913,7.0248302039085955,14.39474182194535,5.33511728411069,7.626326469375448,13.417287927596902,17.879507843547668,16.816418814956798,14.93496708930982,0.0,5.217729781313995,10.190825384335374,8.343478541482115,14.01198462876994,0.0,10.33803174196546,7.619669532349792,10.590165210790706,7.937930550659924,11.108689815977085,3.7732804041759684,4.7323587508565526,5.458401669345467,5.640578776447919,4.782188681054171,5.260956535078829,3.6822440715217613,9.66563212720719,8.94640313666567,4.6961612080795225,6.6124738587472365,5.346893638666738,4.11995237241056,8.002463106350149,11.692004621109202,12.405801003733096,18.559429325452832,13.214392071932393,13.512046541876693,3.448465437039123,7.023446308647397,7.304608683660977,8.568418227830717,6.323640369782804,16.76036974292255,6.933505655996765,6.498053869945293,12.723772502773222,13.565133172876829,10.549489039116745,8.561168992566541,10.596974490830087,9.298881511888096,10.033407631133397,3.594279836448412,7.719788674535455,3.711239322705025,9.181712857837528,5.9521093048583085,8.529494493358113,0.0,0.0,0.0,0.0,0.0,0.0,0.0,0.0,0.0,0.0
2018-10-21T06:00:00Z,21.443558888229983,6.6488946277464445,12.547379281843822,8.051077687859076,15.159128002962188,11.179002604909579,3.0267481431341507,9.028453495385673,0.0,13.630223733367265,23.708266866327943,24.19367997230036,16.7902662265085,8.915184197489959,5.41516445959445,12.687338143867935,9.062201788885277,12.117237682104848,8.038169346299096,9.308871355345083,10.99690397146292,6.642135043327853,7.940484615951513,12.103513321411691,9.033846778356644,3.9579113715456065,2.5066537637565705,3.3097698062264187,6.936619403639252,8.235390623514634,5.718884325022419,0.48849617690985114,2.509800319490409,1.5200526835572412,15.69547736109422,9.220565834343963,5.877062567131029,12.279363534659996,15.226337405331646,20.459683172144864,7.4923248426787925,4.613989302957309,2.8902435876632335,4.45291677793937,3.1040637060927128,18.433271746572444,11.352621360357912,4.709599860395947,8.536210867178356,8.35277645836174,10.338831889820208,9.358592734808324,4.740357886195669,8.37988966145031,11.056425113113066,20.475350356884242,16.917153838459512,16.63679557951916,11.56611661624055,14.610195185042265,15.850591932015499,23.08243778968429,8.832126246264536,8.459423899300042,2.747733124446885,5.165791805488753,12.397514712889986,7.078384615767576,9.132525249730453,9.003841503406838,17.336465833706065,14.216216648239227,11.767326161687386,6.94886602378649,0.0,5.152005941898888,6.304075178813843,10.879980680554096,5.658627885144773,9.355288642032676,6.693343383038091,13.65630340682263,5.679619404612901,7.539462273865993,13.364329630969635,17.7658009629683,16.293886489243057,14.459428243082892,0.0,4.826076489056264,9.839985492366967,8.135104893036397,13.848100588436987,0.0,9.949549734805453,7.404014186800681,10.290559737890035,8.124831932433663,10.354786115206096,3.8411654163310156,4.881871770672845,5.338675054290559,5.423103960806115,4.9588603692861595,5.353490091601514,3.6933730272203253,9.321325216745327,8.581889781478605,4.534995695250334,6.420023830993337,5.451393312689728,4.1554573258613505,7.814039857933344,11.560356019220793,11.82820154262627,17.64851721703616,14.10141019400879,14.408422893621516,3.3174065542838846,6.670409973812826,7.858561043507382,9.705957155238764,5.8171460249841545,16.042078918325572,6.855302142118495,6.32924791224904,12.659205190586794,12.803596089392785,10.38092669407776,8.480299192413598,10.153201406276935,9.136154352143539,9.685210591245331,3.549031437697118,7.635031628873255,3.729156764709912,8.728636770379127,5.612777928607666,9.027515884812816,0.0,0.0,0.0,0.0,0.0,0.0,0.0,0.0,0.0,0.0
2018-10-21T07:00:00Z,21.045614163387153,6.59839661703317,11.917420673525609,7.838494274184237,14.667123536289974,11.651783005455549,3.0281486592673583,10.026269961563615,0.0,14.845343930434554,25.92175456522257,24.99914122628647,16.360756101105416,9.850798102707321,5.438257775594845,12.273619006657478,9.995356227281619,14.043413631623105,8.804351897524741,9.20728279268282,11.160740748490404,7.240254494904677,8.719974703978576,13.387967821701872,9.600838653440114,4.0702383644052365,2.7604115844668144,3.363444930926486,6.939395325702243,8.255199809558167,5.646347601586415,0.5497144071798553,2.628117488995542,1.7131452647473207,14.874649024621428,8.947698348339943,5.616288469287844,11.877294138140778,15.136767573506924,19.843909115946346,7.321942767041943,4.696789158452037,2.88761152726246,4.404897928574313,2.9790199146166967,19.243303896422873,11.203510883716364,4.446626095638939,8.052853928718967,8.167881136804892,10.228519475025697,9.240493189219393,4.566801775178378,8.045978838327096,10.552619125668855,19.528763201353254,18.77334242221666,15.687534990358612,11.053889271855494,13.925497361822893,15.480718747845417,23.491264004662938,9.03686654938412,8.09318094560921,2.99977526732434,5.007128860702776,12.353220050419228,6.844603761284804,9.269810164609286,8.860897871476874,16.5199124820663,13.554382872214497,11.00774275085456,6.858042379174943,0.0,4.892287336760168,5.884750905464413,11.540822444318545,5.413242665084317,8.89573770053367,6.373177752884363,13.058546118671789,6.099518243962294,7.445220212914542,13.317930037764425,17.57846298430171,15.865569517268577,14.0267739394047,0.0,4.54341622456909,9.603232178898608,7.950778964042289,13.654546216432987,0.0,9.533764240880375,7.205162311643079,9.990831411614375,8.137811573076675,9.76046501330808,3.861490004678575,4.942321392198567,5.1858090849185805,5.236641809235462,5.138191646765694,5.462340456233161,3.704281704234203,9.123636533425566,8.344088477495257,4.47377516695782,6.257967372483634,5.3983524841318955,4.210851229452302,7.641119632932682,11.358208469386792,11.428063217363981,16.917194660020172,14.764477648008137,15.11761790064969,3.2700654201681725,6.494686638759327,8.057861672392773,10.531336898610464,5.474007772105628,15.36426861539916,6.775235133250097,6.164723338811631,12.686654114284233,12.165303345481,10.261428589716198,8.439314277668826,9.79359529133824,8.940080831340312,9.382268802221594,3.5174212268851845,7.5634985495644145,3.7168305398906063,8.32847639952168,5.430272547758953,9.410004960756924,0.0,0.0,0.0,0.0,0.0,0.0,0.0,0.0,0.0,0.0
2018-10-21T08:00:00Z,20.835829077549263,6.516820744360924,11.510755751697836,7.730312554567381,14.279044115648707,11.895789638418687,3.0072547004038026,10.656496203224274,0.0,15.554885502464368,27.60089972808005,25.606941734630418,15.994985427457292,10.580097952218306,5.387769603080779,12.071368818603352,10.703304701933044,15.521959276810302,9.592848744452818,9.408325209887122,11.613943042698175,7.880877793371289,9.555151433178452,14.431655165476547,10.08054631262367,4.1232470878398795,2.9160088069659937,3.4378397524269557,6.839951461598915,8.30102354640713,5.636260137246432,0.6082159153825691,2.707230729902894,1.8964226097036767,14.41741523881976,8.81672139633328,5.449316048007969,11.537397746918613,15.059158515999869,19.378276213739344,7.181481328572361,4.7894003207389995,2.912828828579293,4.394279069920277,2.9141765153220365,19.9584322093449,11.096539596437234,4.278555146478099,7.7651142851630635,7.970666574926145,10.11200613848891,9.053012954717838,4.456695844717524,7.797086464512909,10.224018638393446,18.86923117598555,19.882521513533582,15.026094084254181,10.750314440060178,13.455384034482446,15.07968908155391,23.80422413739702,9.213276690114936,7.904821620187702,3.195986428484251,4.954108147139988,12.331063340001842,6.671679494512565,9.294976304984608,8.756109565365167,15.955728921734309,13.078566987604107,10.409966446430015,6.757003947498732,0.0,4.560550684353533,5.520207711964014,11.525972673671005,5.239673783192227,8.580584248796985,6.105508479950897,12.640159115979447,6.523151014368359,7.360099138049243,13.272415477029496,17.32264408011458,15.579316711479475,13.687545173130944,0.0,4.37066900063231,9.479731703292456,7.79963422813039,13.465181189470572,0.0,9.1215736666787,7.03858538256382,9.717203101608694,7.974168908934422,9.36851660123549,3.825535630821078,4.888685955880025,5.008039991337227,5.0795446652359075,5.287876408673945,5.562385568541826,3.7096305074672458,9.02130071354792,8.231215376654847,4.479143517045222,6.1250888773365535,5.217598662508265,4.277342344456821,7.517904164656132,11.097415037254548,11.210329571754764,16.430824395937407,15.132813220064241,15.489670673851057,3.293944371935398,6.467687636063443,7.899947864242263,10.876108834170852,5.292086993047136,14.793742451673886,6.706094367562276,6.017751670198551,12.745780591403145,11.71509288405207,10.176857172048587,8.419072673490076,9.532462366652021,8.748556700627937,9.148791776091675,3.5074315681772448,7.509161708774028,3.6775016197031225,8.003653807952348,5.364859967237376,9.634133851136388,0.0,0.0,0.0,0.0,0.0,0.0,0.0,0.0,0.0,0.0
2018-10-21T09:00:00Z,20.857853711695334,6.420841957366271,11.332289441124995,7.711026707855967,13.986780525471866,11.873750116914655,2.9744646125215386,10.828099472298623,0.0,15.653181821346658,28.528793849634496,25.964472334436994,15.703174776208181,11.008065030100314,5.267924178344726,12.064255591226386,11.061688131502171,16.292970146899098,10.305127111723328,9.943585773499526,12.345380893281336,8.47237197990507,10.332163380232736,15.088224203423527,10.420493469746788,4.1214188694682905,2.9497346610143507,3.5193333733315986,6.6563172355118825,8.385857119883587,5.663735128384848,0.6558251743067597,2.738431937551376,2.046468913650176,14.295969555684069,8.814882701358357,5.369582660244076,11.351782792655134,15.018161370891185,19.101295841072854,7.09533068140032,4.868818229617632,2.975911190982856,4.428286767586331,2.9149183002023995,20.484981238305682,11.042189978783753,4.199979573167641,7.656216895259609,7.785047967340479,9.984910121029131,8.857767543999861,4.416399318579039,7.639720598303368,10.06887507543539,18.522160457832328,20.078394528906905,14.65622440336782,10.645263094432675,13.20179097931135,14.734913263235462,24.017299087332884,9.356375425272523,7.883523038757482,3.3045794362588228,4.986120175636228,12.366339636199159,6.588773554836989,9.228161088258656,8.705819161995583,15.649803478178159,12.861856842981553,9.984847386112177,6.695135137723561,0.0,4.224341759094836,5.266659139504538,10.890723706196871,5.132398599467955,8.393787710751392,5.91472697717645,12.412799121116155,6.884244377954159,7.296779418985368,13.225859040055372,17.021847427148558,15.456423587349402,13.470815019119152,0.0,4.293999505943821,9.454474818702785,7.68573287361551,13.30947363456922,0.0,8.744608613107989,6.912481242552816,9.489443804985706,7.661520215223806,9.186163065750806,3.738221937500582,4.724029831266936,4.820142639575639,4.949241521656516,5.384126471490902,5.634288106173519,3.707481104409926,8.963861246360555,8.227822501900572,4.517716634568628,6.0226049798954016,4.956952741804241,4.347653142664372,7.473582293014318,10.817737696827828,11.164435574281063,16.20927735990982,15.187766538952838,15.461720428322804,3.368102154790247,6.544189599094811,7.445340037371715,10.686689427732588,5.249187929659412,14.373913342243505,6.657045491215217,5.8977459107927634,12.786402790760192,11.482380364417658,10.114830132764238,8.404874147078607,9.371853901729654,8.597516476052295,8.997123312544863,3.5238914748568546,7.473199127682286,3.6185226342691164,7.767373295708564,5.3727915635243,9.690537412425748,0.0,0.0,0.0,0.0,0.0,0.0,0.0,0.0,0.0,0.0
2018-10-21T10:00:00Z,21.248683934916752,6.337965416744978,11.32778687591147,7.742928183551485,13.73854524064073,11.615658561854802,2.9341295342743505,10.523560002829663,0.0,15.141349403580547,28.69195940583056,26.08662131002565,15.556723711277451,11.0854283288685,5.08117950340351,12.235756571892372,10.951378171790608,16.24044838269476,10.931234706351818,10.769804520113174,13.337594449706133,8.96130078148988,10.957969321813342,15.270124700132481,10.54593832263587,4.070547736827494,2.870490408415814,3.5833863519538283,6.45099451773565,8.548632602276795,5.676750056300287,0.6959688051102836,2.7280808324890513,2.1644183582307006,14.377508319642732,8.903080062046998,5.382259902200122,11.390836140289512,14.979580090478501,19.038803977164065,7.055788412570114,4.903235875143459,3.0775484739175774,4.48621903365729,2.986778184391485,20.831401385009666,11.037164785970164,4.255773105738736,7.716189738454469,7.656787101949372,9.797205853064936,8.692199635373385,4.451246711705402,7.639185730988955,10.09300112862886,18.482348774712587,19.352236404779013,14.530334855612992,10.6842305018119,13.125648657849057,14.555898501165357,24.218999448798588,9.459154186421628,7.946875846502779,3.306999149365327,5.050659003192071,12.477740290700787,6.669287915461272,9.13062589238511,8.729626521798632,15.6081093408458,13.005647464817724,9.779670459747303,6.651216005560846,0.0,3.9210840983268698,5.131245629302728,9.753253911609308,5.063689711510578,8.280963163494045,5.7709115675162455,12.395188238404462,7.132036748146221,7.2727460923948115,13.194535538559856,16.769201334465887,15.460577393488256,13.32556907791414,0.0,4.265636425677584,9.502832689629205,7.633682615659917,13.210770899758787,0.0,8.463282347927032,6.895770041208325,9.387640104604108,7.2466336086687795,9.204237127939392,3.5996513189773496,4.475024395951024,4.644821497630767,4.85153392015764,5.431562418876296,5.623794330921488,3.6596652858151186,8.833498007162401,8.260259767712666,4.55116289186315,5.930170336965527,4.659372932963903,4.3905641152274155,7.515285843220546,10.51417061627158,11.20538560336953,16.247684059986707,14.894418249142724,14.994069410602256,3.4731366547617015,6.625746914051038,6.777005180799189,9.980207763314846,5.302150959541838,14.194874411700036,6.61121880553312,5.794810931643104,12.85246479372397,11.513750343054772,10.086142400975087,8.390323022661255,9.325002415996753,8.514579493323243,8.95140994191981,3.5539862275856806,7.495397858557082,3.5408652407259127,7.650073435188652,5.38745934037137,9.61265185336789,0.0,0.0,0.0,0.0,0.0,0.0,0.0,0.0,0.0,0.0
2018-10-21T11:00:00Z,21.69811957133918,6.263505048841864,11.534689282051758,7.843872657991768,13.602528736269178,11.172955955662754,2.9108736062337894,9.886567585266903,0.0,14.176122479196392,28.035224156476247,25.95637264150032,15.414181110948949,10.875683140339918,4.898219250467775,12.504140438017851,10.568822189183452,15.477365778993567,11.243482585447945,11.753238412854301,14.300106357486701,9.212351456909534,11.328086083301681,15.035495669498387,10.533094321876762,3.99782464976675,2.700449714770001,3.6481140790757,6.2148502607026215,8.694560761582485,5.736982061532817,0.7088960295257176,2.682393328439703,2.208204560576788,14.721178984539193,9.074044344815688,5.431756585032299,11.628574809431802,15.073758278405322,19.232210182731084,7.139200210084833,4.93578401059104,3.2342785411297124,4.622628023702385,3.1030473953091935,20.868414992863926,11.068052981039626,4.320031148306773,7.872940394825299,7.560237123213165,9.674934340311927,8.573638018821626,4.5281657379299745,7.654189129443701,10.214718254228341,18.675442275773065,17.92129092581784,14.635040923018506,10.858080969184629,13.24851601300197,14.425244944803202,24.291571980614385,9.51892624222783,8.1852014528409,3.2369492259265282,5.163889509678449,12.639448899026958,6.806376867544545,8.986460649816365,8.78468268399689,15.741577608817353,13.325725134131945,9.690131949323801,6.711899725353078,0.0,3.7118122457101648,5.152262718119102,8.409394426848179,5.063596539547898,8.297576113412067,5.741076533854372,12.507740111119325,7.237595051981083,7.268718556170944,13.158008917054062,16.50049553387302,15.632393179480705,13.35742414186602,0.0,4.317487149230909,9.607263756758604,7.594499584935752,13.173697376041858,0.0,8.242737528660763,6.851514607965981,9.283751307641102,6.798200761542656,9.36057014389899,3.4676930597994597,4.190480947111422,4.4964686737089785,4.7775896038025305,5.397405572557469,5.619663132451977,3.651008366413815,8.781016923163879,8.409223102076737,4.592069056330975,5.907341479422746,4.398143746798807,4.4583382998789585,7.675617403550678,10.383219608783397,11.44501695585838,16.471573095649667,14.438852201153496,14.321755408781941,3.578234453227234,6.772297203036633,6.061798983448413,8.985070393713936,5.442192395384362,14.11449747372131,6.610907760091626,5.74236756587164,12.79309796159104,11.677445284756981,10.056748663089364,8.3770739081528,9.343920484711921,8.516453209005943,8.961719444914705,3.6215424989004017,7.492831105839006,3.472972501622246,7.605844901088961,5.450544869469675,9.413659570402837,0.0,0.0,0.0,0.0,0.0,0.0,0.0,0.0,0.0,0.0
2018-10-21T12:00:00Z,22.27362012558816,6.219966127588322,11.87443875027245,7.979915840981569,13.534633535223925,10.65350817456154,2.904770287558162,9.042412396857907,0.0,12.937669560641192,26.788482408697607,25.65255431797903,15.340585535425669,10.434749273101831,4.737724788727672,12.841147319570924,9.93763754861485,14.177312360563768,11.282586631704786,12.739513376550345,15.132439468891432,9.21818221473946,11.406598811702468,14.444110183127714,10.350982111871929,3.9140685771390786,2.4886120139028867,3.6969164996550528,6.021312232718541,8.839889002184226,5.811125007704316,0.7042876729307035,2.6224116062633067,2.1957585267044646,15.175897356835025,9.281245015349842,5.519956528890538,12.046613374480222,15.250517876002204,19.682390052399,7.32384080326072,4.956814123206864,3.435535855604591,4.808942139099379,3.2570549128446733,20.684842380918457,11.114003687597709,4.434733856393392,8.113413524648502,7.530645593642124,9.581898663304662,8.491277709983187,4.638844156869726,7.7408325493742325,10.425175237173015,19.046506405071174,16.044751607403715,14.895578024404346,11.095373814586925,13.515032295029014,14.376476843763045,24.336538628285865,9.527983928130642,8.508173531165308,3.1135259920125473,5.275612165690508,12.826787950191031,7.045115644204483,8.859238457851003,8.869515334245103,16.03117009277809,13.835371490881121,9.753822140711298,6.806507756031916,0.0,3.591485014984763,5.284072021999438,7.061001325358422,5.106172469259038,8.397356943474273,5.770929365935673,12.74547499229189,7.194327566978506,7.291116237791339,13.138447663835661,16.31596465585475,15.900478814550963,13.48331752351051,0.0,4.404091637254038,9.744408839942196,7.589544885226224,13.199727979588046,0.0,8.132263441604755,6.840990361802472,9.24572906406587,6.377971370959083,9.618046708546128,3.3527450568764183,3.922595723082465,4.3977528728191935,4.739585761835813,5.308906879440526,5.585447699021423,3.6475465201288326,8.731047970935014,8.601253934389062,4.626685216729074,5.938975075532031,4.202597493919881,4.525187464203278,7.934239714752971,10.420745786878891,11.794513920667312,16.831455035843536,13.84255518901134,13.527903472401567,3.671175686820102,6.905991430485466,5.403252227913528,7.861111201807123,5.629272791964437,14.186120185731207,6.63058775402132,5.724461151627604,12.697356132451537,11.973990406318897,10.049908660916751,8.373533428335433,9.435409627345834,8.604994236921407,9.038213396901677,3.705692915234731,7.503384107267472,3.4155380465438805,7.655875700883201,5.525416350716456,9.1589889533755,0.0,0.0,0.0,0.0,0.0,0.0,0.0,0.0,0.0,0.0
2018-10-21T13:00:00Z,22.88898848949441,6.215287249665032,12.30159917350401,8.140128271382022,13.536714190139795,10.164588662110662,2.9189429304013284,8.164736570165829,0.0,11.653635126706178,25.1891165142682,25.243179352405996,15.332314118642621,9.862822772577433,4.634032198245067,13.204293587568642,9.19605312817385,12.613317892268553,11.045079366604183,13.55693987489976,15.672767581851824,8.972593295136162,11.185475213103365,13.623034257981667,10.029684947589194,3.8336867562075363,2.2851155852696734,3.730555237821187,5.909985968278327,8.956688519517643,5.9064520496706905,0.6853503090998218,2.5668010992155064,2.134797228505607,15.672263053124778,9.495701632948222,5.631845989179849,12.574270082560428,15.504554849634326,20.375776662410185,7.606882387242516,4.982981802831807,3.6694056697779827,5.036593148062732,3.4306710151967574,20.335752639798077,11.153207553487825,4.586537257133665,8.409818397633824,7.572001226815853,9.537789204447146,8.421259517933398,4.763237438863803,7.885814230118431,10.691251516531205,19.523237126626714,14.055416955933795,15.258521554494935,11.350259878785831,13.890850080766059,14.360424326901564,24.374507281638568,9.481833263078258,8.886301106379651,2.974022301842448,5.367853031914004,12.99701852694983,7.3605416079922605,8.774811558265517,8.961631852831871,16.429635422565585,14.443381365246909,9.957493519671996,6.896024136311334,0.0,3.551925215601204,5.485855783510803,5.925275873124595,5.186862293834221,8.57400461547976,5.839262664183311,13.071781251331842,7.01706859256622,7.332258475093823,13.14392132599577,16.251179374786464,16.21909786544719,13.671733421699267,0.0,4.512957758417331,9.898619079114125,7.615626583981904,13.278034395261836,0.0,8.141506843750635,6.857527458807649,9.269997235747656,6.043201547156135,9.928148336395891,3.2785046663075916,3.721675348721788,4.362868022498155,4.744875338265851,5.183758326113874,5.533489254196878,3.6545352009812198,8.706842004263379,8.817720743735155,4.664796351552371,6.034402569483699,4.097826673021886,4.593216223790694,8.26808625423812,10.666041590176302,12.231469959805795,17.26033594548487,13.195679362743597,12.776207750656948,3.7431406102195215,7.0158523288781565,4.904444725950226,6.820369043394274,5.842470622747048,14.383100996427622,6.663515080697603,5.738719420473896,12.59496943812316,12.344702956926307,10.074233682509659,8.390559299436646,9.586832119899757,8.768419030083109,9.165550088351925,3.7962312190306062,7.524117901462379,3.3755355077958606,7.7934648723130575,5.619356890537358,8.900335296756666,0.0,0.0,0.0,0.0,0.0,0.0,0.0,0.0,0.0,0.0
2018-10-21T14:00:00Z,23.454974437356977,6.252435229270079,12.773086057599949,8.318417430093382,13.616208373656205,9.799124160595246,2.951938187233886,7.412965748757606,0.0,10.537455576143385,23.493724120542545,24.794177320321555,15.388017443845511,9.264490479989023,4.610940607136829,13.560063065948997,8.487488071276262,11.074634832653713,10.564572159979617,14.058528092482304,15.805572074551366,8.50616602065624,10.69754185940151,12.718129469232755,9.61259545688439,3.7662804957875102,2.1334776883274067,3.7535107946599324,5.906702989345369,9.019265485882748,6.031868317004399,0.656635481247905,2.5304764617342257,2.038027204535272,16.162433227105446,9.69720109262842,5.756157526324357,13.118704622629943,15.817496542096164,21.270515172610903,7.972953705398513,5.03100671036776,3.9151177343196504,5.289931960801995,3.6050292526308643,19.889207828670376,11.16810669494444,4.763336922441571,8.740347719276159,7.678380792582425,9.557101044982003,8.33498490877949,4.882941517200171,8.07430252391573,10.985326805028174,20.040899727620033,12.271692726024373,15.682068558824282,11.590069666133656,14.340880613834281,14.323681508499451,24.409585906454076,9.379351301212166,9.29314618950382,2.85467125729276,5.4344975215002815,13.106276662746131,7.7149244204753185,8.743279378689992,9.039393794279915,16.8926891246078,15.049899033864596,10.28506906849825,6.939400160028697,0.0,3.5730151591829276,5.711923165011002,5.158039909884613,5.302834807543014,8.82301009033122,5.92671051109019,13.450783891339398,6.737736569705966,7.382528038068401,13.179273672885724,16.324028246657043,16.543368246641908,13.891098767310314,0.0,4.63882186800874,10.060154003997875,7.669094728271787,13.390652690457182,0.0,8.269050673239294,6.895350280175956,9.350072815805222,5.834842164615567,10.250443060255297,3.259886689878668,3.6240428819948227,4.397905413824089,4.799628243308434,5.042422671960517,5.476345288914173,3.674388044147507,8.739712611251184,9.043147932043206,4.722814130290268,6.198857537486001,4.09087471412291,4.664005032958896,8.63968272763969,11.124747225027248,12.732563038725717,17.69921878080704,12.580622845703294,12.208813075819686,3.794206345545642,7.1072927360539575,4.630232377362302,6.0433608603568345,6.0691433101985695,14.675802993598568,6.702116578120083,5.7815704661938,12.519698264540123,12.73232393739832,10.13723649584832,8.43723023994236,9.785893208745971,8.98256469695542,9.327121769255173,3.8812619622259215,7.552045902990024,3.3560800033255447,8.007666253505967,5.746879232907293,8.679151576967314,0.0,0.0,0.0,0.0,0.0,0.0,0.0,0.0,0.0,0.0
