,Time,1,2,3,4,5,6,7,8,9,10,11,12,13,14,15,16,17,18,19,20,21,22,23,24,25,26,27,28,29,30,31,32,33,34,36,37,38,39,40,41,42,43,44,45,46,47,48,50,51,52,53,54,55,56,57,58,60,61,62,63,64,65,66,68,69,70,71,72,73,74,75,76,78,79,80,81,82,83,85,86,88,89,91,92,93,94,95,96,97,98,99,100,101,102,103,104,105,106,107,108,109,110,111,112,113,114,115,116,117,118,119,120,121,122,123,125,126,127,128,129,130,131,133,134,135,136,137,138,139,140,141,142,144,145,146,147,148,149,150,151,152,153,154,155,156,157,158,159,160
0,2018-10-05T20:00:00Z,16.803289976707287,6.974862196961343,14.460325203415733,7.662515255573305,18.85077750921434,12.494146103662459,4.560564335065696,3.861281789029015,6.098936525118945,7.159283593526752,5.804220929390718,7.859518509809722,12.830112978731046,6.864255827718397,7.239170788116473,12.456068323056137,5.782100846951753,3.036377437622874,4.606591825494504,9.307907239990548,11.605084244762256,3.778584652791334,3.6204031562124026,3.552270823157876,3.5782211065281855,2.076459016587148,1.9057023084963647,3.0943790663397546,10.260206725698257,6.229414863521269,7.758765181525506,4.381830694601053,4.4565446515699545,2.8573495382173206,11.681492564070581,11.238867049931685,7.43287544893464,8.638544062097207,19.015448635918396,24.485938952967352,10.925180650638616,7.841786909914662,6.685094940591769,8.180083430303858,4.655811870922327,4.547259440069259,10.48260886532308,12.915484165352584,8.616481661630713,13.622850757375474,9.578948358481334,15.219760336648394,8.508284044255445,11.428872668551715,14.316327057488273,15.710888335935817,5.386944518944621,14.151750179054282,11.048956713714507,15.870002984922184,15.068923257755447,14.078414078177765,9.527806889546861,16.088578818673763,2.4056376155244017,8.011058694044477,10.088792055156109,13.388504648845625,7.906437796138299,9.705665212007027,15.651457628162575,12.274271846049079,10.679239203869482,2.90236241032789,12.580796807470396,3.5866067090389615,6.74374277008266,2.4841693531522773,8.291187106625756,14.885524035539335,6.962807123308167,14.589611547424397,7.104250972922706,9.028544186996422,13.00509284308908,18.603525121182248,15.90305630711311,11.621414026077817,7.276153162052574,6.2163690887035035,12.000043118082154,7.59752996382123,14.510209576405153,7.5525286757464745,10.362690834825633,10.08935181675798,12.934201564802226,5.687591057413304,13.575382390301389,4.468733603371778,0.0,5.928328698123651,5.777714156404372,3.5044838982015865,8.719911567379027,3.8868579538465697,11.526309139400697,10.479520271024942,5.62916371027803,9.405373689241792,4.895083081553203,7.164820081697364,0.0,11.665392693671244,12.793689197507943,17.411584859701712,10.763155294689417,7.985340501414772,5.028239465251106,8.796227817778552,4.154470563221702,4.587093421299249,11.83868891659304,15.621015702720484,5.118458660572069,4.947923933656466,8.105238969523167,12.603418249506921,13.93017304232691,10.954528325458753,12.624546152276706,7.19395023400534,10.07308461769421,5.111381654295421,13.030922146957487,5.6064274994716,16.518620343221798,12.506106643947497,5.74809453835911,7.486057482141523,9.380229047090708,12.75373638551055,8.498477187499983,14.181122419803327,13.327909550872683,7.134346821529876,7.234189826288943,15.559864438950868,9.393934359301038
1,2018-10-05T21:00:00Z,15.597676377257454,6.9544686985579105,14.473202478063516,8.245589725067044,19.344277265319448,11.435467385599866,4.744940487854962,3.478608441926835,5.272675965085741,6.637970418531123,4.433702596397537,6.976398836061712,13.129152187602585,6.304395494363565,7.532611016003864,12.87839369635314,5.350553489054198,2.8389326619175863,4.343899239741917,9.404465306329667,10.986302995686987,3.494215026329529,3.6942658196820997,3.1028881236492687,3.6571188870027362,1.4542385505987272,1.5706787923496126,2.841448781304659,9.378684663815418,5.852105711810823,8.262768683600191,4.2340098232360965,4.738378868533697,2.4806775542504202,12.63762711719907,11.462350496863039,7.4326031189259485,8.184292146239418,18.70994740917709,24.855214979898236,11.346137658058524,8.051458885112314,5.81241075007814,8.256132822643245,4.719505718738475,3.9318486150192027,10.656265286418726,13.892269080710218,8.983427506400467,14.015256990899033,9.787666800380151,15.631977967124277,8.918685527873883,12.01999898053111,14.905638854877026,16.740204434370064,4.533263229709271,15.284562275902683,11.977972445537205,16.791587998821267,15.728813004224047,12.562656665627177,9.13722490319973,16.941502351343512,2.0460651868869366,8.654804155206879,9.914434180582642,12.687707886506686,7.111701763722061,9.649359847763261,16.84023638959161,12.261384375083797,11.45343253225117,3.0426621539328678,13.087889772311652,3.3983125105187004,7.06276350440999,1.9296416319560676,9.011304651171688,15.856422634753201,7.5992295886609895,14.650907576672289,6.365556698436782,9.189565617003167,13.305242390013415,18.698193375035235,16.486111643463964,11.916956051065238,7.380994866710748,6.79149138906662,12.381969273219184,8.020230900090441,14.464064180188142,7.713163043677233,10.629225097941635,10.401301208164934,13.205752452966657,5.589244245031987,14.338377412998263,4.237619754025684,0.0,6.5345426538059606,6.118391506678981,3.5518087343189073,8.448623946332345,3.6836654940604703,12.254412845224994,10.8606790266438,5.979218257855386,9.18616123280676,4.486733923498093,6.732063886453741,0.0,11.6094204805111,13.763186102080084,18.26677470249026,10.291758286154858,7.064950383326579,5.570257697118923,9.72282376118529,3.5067792281136265,4.112814760357704,12.6648510520617,16.43611741131286,5.175674380172103,5.276129310398563,8.290844830417988,13.093924467977654,14.078986604057292,11.1442209527853,12.697655586230631,7.33393303754432,10.439458981327999,5.126943079848344,13.129361792488801,5.708870450622246,17.34238288962087,13.49983617450268,4.661695074806617,7.643562860413382,9.427269433857042,12.74087244271054,8.446205733004565,13.889621781928387,13.226117102261991,7.2417186573168175,7.465287898855851,15.738309538722675,9.370803978975431
2,2018-10-05T22:00:00Z,15.323890311919525,6.960085366139064,14.451447328656856,8.634214338196022,19.345751508243303,10.717821875554527,4.864471490851185,3.0519171443463127,4.421242704347735,6.092226171288058,3.5277228210000393,6.298444778455298,13.39209329027006,5.87325915445435,7.554888790842396,13.218061789256584,4.508381365948047,2.5436335493781064,4.041738314904336,9.746600356094042,11.4373914604321,3.5098691680877767,3.7413025961950117,2.645355033490964,3.820323055207006,1.1934168741338522,1.1561049250319362,2.696092731493719,8.304190397816956,5.521919790213035,8.596315359956812,4.0917637851049555,5.149912244092647,2.0371170035254074,13.21576645633948,11.502600439169818,7.695527863460612,8.25598935450246,18.51639792145524,25.134275450937817,10.946900482778734,7.876932644054537,4.790854710280499,8.163544568543593,4.7537269102337465,3.454278639672356,11.012123794206374,14.411166039627384,9.365060179036497,14.524617693049356,10.013031916047732,15.879987475922281,9.241323894211632,12.21555760270142,15.43086926970733,17.38767801558516,3.647848753059832,16.088746117302623,12.386668053449641,17.050759851152986,15.970522034677384,11.131945072485983,9.179656989316555,17.554533013060045,1.7200329101806222,9.051676881655533,9.106299757386568,12.180043897367643,6.510636978424383,9.573677711894973,17.73023063305071,12.372026459360473,12.191839808227911,3.3676695643578656,13.3992316394659,3.5698849355363653,7.289072159209964,1.5373391935176552,9.731168034935548,16.433145358193244,8.203058004587822,14.942163904732414,5.830266911170142,9.203360379914663,13.30043060671537,18.404579930803873,17.186151371878246,12.09348661874083,7.337533504958541,7.269952629079664,12.542433799560182,8.352219293996876,14.641724796176707,7.992648627903316,10.865795201122944,10.772148821869575,13.519083623888797,5.55336543688726,15.05119009988399,4.0207053089416025,0.0,6.979156606495466,6.199975290524363,3.448697225328636,7.608620992958473,3.4695410504514825,12.671509504307709,11.500985668433833,6.134173533512776,8.847471358426048,4.05319063293411,5.945087624991334,0.0,11.265747157899634,14.481759267977255,19.172889527239633,9.660016291013488,6.256435618109247,5.870375802342993,10.288061989573944,2.9753813792071924,3.637351765833742,12.9678010110986,16.90499464170243,5.3632638798345,5.582310202116123,8.787503193630382,13.743932341280598,14.186283771264945,11.117206213085701,12.992375234555272,7.616833026845935,10.711932883108748,5.2722604814186385,13.155659680374802,5.547750486939125,17.78504026141007,14.395664530923472,4.050657930261434,7.743863283980877,9.475580590182993,12.552569260488514,8.349912074901123,13.780643460306475,13.162357476483976,7.343635257760929,7.5318585009096735,15.812058192586822,9.431164320933911
3,2018-10-05T23:00:00Z,16.241574199200056,6.5038942282156,15.005975663645081,8.210046791010619,19.442505398720318,11.789592398403112,4.637536044834542,3.2457629858805017,4.981835992933312,6.260495465974581,4.626380467111263,6.395389127814312,13.916215288344675,5.5348353876212215,7.139988028472212,13.183990146261241,3.9343953893739263,1.9469605171258049,2.810071173676967,7.760915852947798,10.570225911222295,2.967954748952054,2.4944244562115654,2.5779302854318806,3.4740377355368253,1.9708132914869787,1.1079571470408367,2.81159908262771,9.256651208660754,6.152345498615073,8.630325568915817,3.68957418920254,5.333496669159488,1.8316556627696854,12.788124691330879,11.653120782433817,8.387097705800278,8.620601600623155,18.635293586394557,25.225842947806427,9.5478006821118,6.894520382860389,3.693820878685913,7.553827014390755,4.623077276872205,3.5584843638091064,11.400051395474481,13.962968143629839,9.87124121378573,15.295433101201947,10.519369853934583,15.883875940111524,9.49929400422485,11.997666739630276,15.8470610950318,17.3897245847375,4.899001101749654,16.279938251517315,12.069425096788363,15.971091875615585,16.28949865415053,10.259544049202368,9.869422038906261,16.959363542449132,2.033512134058655,8.705684362859884,8.880017507800247,12.16278927281935,7.170887916023251,9.505218308498858,18.032619248610068,12.783653845190173,12.866517646364123,3.2111520182781867,13.602556423918251,4.32823249594113,7.457559178383676,2.6170433854292208,10.258215539380737,16.523609075322796,8.666596306885872,15.51709873972484,6.201530131622004,9.03089265271692,12.913952129728582,18.136509139629467,17.641616313699714,12.08843222953877,7.541531498266332,7.3324950318632975,12.521206499898245,8.376141180278736,15.195411353958727,8.454596061909797,11.106385797817753,11.00337465631793,13.929903965558774,5.899949192376975,15.178892445062907,4.752353738069051,0.0,7.400206701139698,6.242890762749459,3.1351100787076547,6.638261928569869,3.7144312690867665,12.791434376904252,12.702706638414707,6.206144347783379,9.046948168740142,4.632979400339455,5.487643489849296,0.0,11.483524219926434,14.229201012089423,18.906562409133958,9.361293287456576,7.158429870118138,5.591533800345228,10.213833690014596,4.120503845040824,4.700499342720177,12.395934914804545,17.03934313896178,5.920316264661802,5.619042452370719,9.398969815815098,14.592881885570801,14.54853998016373,10.738291762426876,13.501617456147073,8.083904260393469,10.787804030254513,5.411865469194489,13.142828567545983,5.2178774268453205,17.824169737835057,14.896900323344866,4.889653713832351,7.881920008319206,9.603786991452118,12.349407195351812,8.38894415433437,13.69139730625378,13.236115968470124,7.368799221273697,7.425722533612578,15.649169307715274,9.48292403967261
4,2018-10-06T00:00:00Z,15.642293564305502,5.316303820254845,14.613316122050515,8.45042654690943,20.47127855785109,11.096040223583572,4.357396553912202,3.158688885303473,4.432327111592089,6.330558897835461,4.510759141786768,6.569705065483653,14.21630644915847,4.926761964918217,7.4162348673063585,13.364559635778068,3.7233080383886503,2.023687115790879,2.3336813799534815,6.955364547935602,10.130052849371118,2.447302771871544,2.4190368609529447,2.195985556952415,3.335928835547116,1.484738615757613,0.7786028934681174,2.632266001635232,9.002066423093483,7.221004085067257,8.19073306429805,3.5769644203348676,4.850079354610571,1.6067563291297617,13.16947734883909,11.440298019895046,8.514035817782066,8.410260582308112,17.6597330894237,23.814845663455973,8.69761883750255,6.583446618302858,3.5678799840575772,7.5295294555205645,4.4339697730221985,3.584724070659713,11.32945901887196,14.258871182247308,9.949602899411433,14.614208171694546,10.562722675996595,15.684024707744651,10.068937277286008,11.901832791277942,15.89935643100623,17.628791712446855,5.5712221833454425,16.687733967447127,12.794839089529045,16.700781120184367,17.086572924039764,10.219934968684978,9.241797481643928,16.84181555055239,1.628033848791059,8.765306805358785,9.491552915770773,12.35363600728992,7.440740397159521,9.462988023210851,18.02416533848472,13.002472423824766,13.41887257126,3.4724608370534598,13.771384546964088,4.2838185119813135,7.2077249995356425,2.7898842070346737,10.200051893572478,17.310124596371047,8.642615059148962,15.233751228682346,5.880432885049807,9.183010332549154,13.232453181141096,18.5778737109084,17.596599291212904,12.20692940040243,7.637276534897579,7.10373287260712,12.557336640972984,8.495690750672722,15.20562771407228,8.1943726300213,11.32021162100755,10.722004111345676,14.145372555952616,5.852558894714996,15.201481768855736,4.860163798096491,0.0,7.72108015618916,6.582072322932204,3.12159152004294,6.609883578313228,3.652518421192317,12.666893910549302,13.165827650856539,6.307879577024516,9.7172726210989,4.607147497816198,5.366835808719475,0.0,11.451562510241938,14.564428560003769,19.174536766272144,9.535256428605315,6.948857616932749,5.641806934674383,10.226197054024903,4.24647981416204,4.157120885419841,12.527136398721062,16.91714832753182,5.46257287177855,5.673388186793827,9.389143346077025,14.853287313848416,14.73150022374383,11.005086174311463,13.506962413900474,7.438798059897281,10.981858676849015,5.503391023031112,13.56326645180806,5.614704141460735,18.087770438561982,15.056223265762277,4.437443958650616,7.811743117101866,9.72626926917485,12.481488087945609,8.310140363980498,13.796648267922201,13.226753024558715,7.310872311038195,7.531108087474939,15.9119919812441,9.432767958106258
5,2018-10-06T01:00:00Z,14.422964904327614,4.713475546037586,15.49870975154838,8.816273291580254,20.976867704500542,11.588223854981557,4.018725558435389,2.5338594106912353,3.7209832419084785,4.990316902045466,2.718159125027089,5.652842840059043,14.751905921539738,4.415407608264747,7.1323796962335155,13.93801513535593,4.124986099670943,2.152372863577233,2.6152494644942945,6.590377608987242,9.725526363981016,3.3321229732839583,2.7165096102161423,1.7750059942299548,3.0546552732290544,1.2740380351871239,1.0258490520535348,2.4494877679440865,8.093783351891808,5.511248135103028,7.959556599776718,3.7864632304404404,4.240924566574688,1.3644341432289704,14.003058145580635,11.208598982828956,9.269663512496567,8.555848875946875,16.067419283064403,24.42085861629961,9.303425715715804,7.031405439417123,4.0714130696489885,8.060450987553374,4.7837145976091,2.9956103140610995,11.12757195623486,14.835164286293843,10.456454692394717,15.315368173020712,10.845190460621554,16.01573310987747,10.353004413527739,12.397559851900422,17.00263115188685,18.93334318721108,3.5310538874306503,18.11592261773117,13.772937668936958,17.606430028200926,18.241087854124622,9.26096521229049,8.767660699912213,17.67666487338862,1.2996338116263129,9.270805236305652,9.045105417779876,12.932176539950044,6.873482827965971,9.443193988067252,19.27728222605787,13.584406262025187,15.08697745868198,3.0894092909361346,15.063960543233428,3.4428005765291685,7.297809768593042,1.0058497771197004,11.05618811460855,18.948860931849325,8.698948285924981,15.48349655332104,6.647741401772564,9.437746785295964,13.587770986809948,19.37053727461306,18.09739059612106,12.599715087855046,7.561923315199206,7.7632916500893785,12.834875649522072,8.988407054476136,15.339293363874162,8.348371856843727,11.81323966964417,11.07280017233603,14.608792776823723,5.5160926452404,15.991031348237243,4.869704870210721,0.0,7.994588252514932,6.736799111683246,3.4740568884333354,7.338851628989733,3.872273081408428,14.402138807624192,14.54367908745873,6.737861469057156,9.22300321969384,3.29548209553181,5.975263171975421,0.0,10.92852243052008,15.166670289092375,19.94532703682183,9.26450339791424,6.232429821516885,6.057294323561733,10.85326389744305,2.4414276861812647,3.244507603970318,14.020460723723883,18.104009607997384,5.472186195536441,5.6568288559899305,9.859086864464011,15.732898411896075,15.194273743734765,11.141172506569763,14.385582362662944,7.435363686669774,11.560057381150951,5.686632526504777,13.655748311179885,5.524207405575321,18.8090438982515,16.816109348473624,3.493130148789829,7.955200942357011,9.941605361122647,12.463291792601451,8.505180540617394,13.422598481247988,13.379738862976248,7.4430141784446855,7.591035747191692,15.989756054170284,9.485216570293112
6,2018-10-06T02:00:00Z,14.679752749629337,5.056303415503392,14.698246986232508,8.202718838081003,19.823382036561995,10.667584188353509,3.707725435194889,2.523606181570993,3.7530609640987875,4.799562544132471,2.767015692146279,5.585572427412439,14.273589349164975,3.9890553767063066,7.062198072306565,13.317326140763395,3.4186764976953867,2.0402550113771953,2.8934176336061075,7.020811664879259,10.563692462237144,3.5434590647627178,2.63427032451617,1.7252159315864375,3.1305742055048316,1.3743091763545945,0.9044524594386615,2.3434818197147886,7.438388440821603,6.050630035799314,7.127208686323936,3.574783662692062,3.9277223138595705,1.506479737923705,13.51043156405163,10.448824963085922,9.081052717364948,8.816467742175735,15.928099163164402,23.92097496938166,8.568332693213021,6.360389434556284,3.883064328375432,7.513225152803775,4.499682053833073,3.245167000468679,11.284878976468985,14.77436434842876,10.461844132474608,15.115279516962037,10.690496276814006,16.04335297791055,10.370327085664986,12.292019541246722,16.663538328699875,18.86493164919568,3.8061505504155355,17.498900660235183,13.452566090520708,17.116176121165804,19.021650236257564,9.954488500212324,8.613995929959131,16.342161475852187,1.0493398341568059,8.575044139589158,9.277373676072475,12.972713837583415,6.9392941443661575,9.496196117544406,18.737959568542067,13.64471394538564,15.03003146530445,3.773100135100995,15.177656280873155,4.349226336674775,7.349142486119842,2.1108428134333614,10.746598867546975,18.280912262393272,8.740703446537541,14.952392207619262,6.246172142756654,9.315378636352738,13.71070744584317,18.96211531537717,17.873393734135632,12.642150493598693,7.651223071566262,7.609428618604342,12.792443737778298,8.993689498056781,15.443820753137448,8.198334065432658,11.971443032183805,11.102153098640617,14.4832718799985,5.815885058453348,15.834595609627087,4.750041440004899,0.0,8.039929192173963,6.590163207643734,3.30832496514653,6.902947926933114,3.7181069501751547,13.389794006072746,13.782084625213821,6.0595234198427175,9.15132654843416,3.5550972141587165,5.554769585689558,0.0,10.365400946221921,14.695271461083923,19.899968301871084,9.564363227526883,6.854137142862063,5.679590485617012,10.132115745828552,3.1194649361384053,3.3171625616038742,13.743612940908609,17.83409475021504,5.397140167202262,5.65021638694418,9.684599056037722,15.060345709745448,14.97957938318045,10.999119834856497,14.349738047860505,7.555652453388652,11.613174092918594,5.5585046627485655,13.742188643011843,5.619849082079875,18.462733253186983,15.85017236190022,3.4692635864965577,7.833929259715355,9.85705839147062,12.423942690776478,8.379274647383514,13.547764233941827,13.296980186760102,7.453661878450333,7.558398416969398,16.077705331698454,9.487849629403085
7,2018-10-06T03:00:00Z,14.860514780956347,5.431779801247075,13.009630023098609,7.106927871027432,18.321461389754873,9.953103969155144,3.4789118129667007,3.4615194076959357,5.538739232977638,5.83475373111693,4.888099980058799,6.333432746578945,13.407887639192412,4.538810605051329,7.0578161275381,12.012903101448448,3.051073284178077,2.533713536142997,3.522936723705924,7.209380329071661,11.47804616316916,3.6750246862317644,2.8839688945915736,2.578495054900949,3.632252003188211,1.8520060783223595,1.037739956517269,2.346304270459634,7.768934401365772,8.251597652062799,6.192347198065212,3.3039815244086697,3.7162394065535214,1.8078144747983187,12.034798278193708,9.46569690436201,8.379929539799365,8.752119461190723,16.31113985073553,22.458790811394373,7.400985309121484,5.359157590829167,3.495550023038417,6.588426839727935,3.913450324323298,4.235465330212864,11.449758297612302,14.213154125153027,10.058270897897795,14.584191130013053,10.353696069505729,15.679528298287291,10.187316986650345,11.778893823119688,15.51210136589641,17.81108912685682,6.65337015711742,15.814399660751496,12.395617635921935,15.735126313181224,19.35274347486042,11.494333901915258,8.701250399189803,13.900921569060742,1.133389228774265,7.314809199963516,9.6172487300594,12.566234440683402,7.484330772087626,9.398542326518092,17.12759050930666,13.135446240038291,13.95243274802052,4.663373779749319,14.542162027462048,5.7698126273247565,7.186402669703446,4.802643412309086,9.80434133297053,16.546861807246557,8.768684570880458,13.841364441212454,5.830752231672115,9.019934946598937,13.646447732374298,18.201726657264857,17.108894682878287,12.284174981401096,7.918986161576891,6.985831052897684,12.460187933374778,8.645603894706584,15.571325654380946,7.86192251155223,11.719226261484232,10.912844233622744,13.992433842539434,6.452702843567645,14.962918646567633,4.977247362529501,0.0,8.025261605659033,6.481556560018089,3.1163701706719515,6.346187520344392,3.6029277461385028,11.344782338398538,12.202840096914322,4.999927615195563,9.436505683142968,4.8974657130585415,5.012302362720536,0.0,10.07891327924127,13.51063854510752,18.89942489306566,10.396777785462895,8.452004070838303,4.906026339702897,8.810712761802542,5.3691207699243755,4.514757709872861,12.416966900247644,16.657190265155073,5.3218526297365925,5.574236166159952,9.075497782662026,13.545171028271405,14.444582945617192,10.679565490441682,13.789507139935672,7.5353755333933305,11.14583876980009,5.242531602694845,13.674577979796737,5.970633355794585,17.52327884796944,13.638305237246229,4.294028498266177,7.628149630798702,9.661260188820876,12.348397956477843,8.146110431816732,14.02312766836242,13.21512395813629,7.397426416359186,7.4329120145993,16.090543276662892,9.459130900534616
8,2018-10-06T04:00:00Z,14.464308627959289,5.4928944621251805,10.989126213416425,5.915050613570139,16.99915770453294,10.063727684605551,3.3502907517491423,5.21455566418147,9.017063497142459,7.749607994215761,8.650990452301256,7.664725260791597,12.500008179071042,6.24054900771851,7.008786092441387,10.432422100039393,3.502817973462176,3.8599055150446873,4.639416404819974,6.939764855866449,12.178025085848383,4.097807710331268,3.804686933810082,4.3389313753076335,4.548148282577082,2.648754344017529,1.6051544894242933,2.4415989884693974,9.018888505530928,11.369326168795387,5.416956821228462,3.1441621072980435,3.5445220089062546,2.111074118672726,9.993275788345732,8.415016860659998,7.467767799872068,8.286454722399675,16.690182160177557,20.392503438609378,6.293068388222906,4.472465408059529,3.1806675495201975,5.706281761222833,3.271257155957896,5.721846181261241,11.486877703629922,13.337018707857268,9.378408330869235,14.07617444694213,9.99070444472867,14.957828435667103,9.859701155475967,11.026213024987268,14.032047372091668,16.14787293561033,11.354399323465975,13.726545088840794,10.984597648508466,13.918978881161463,19.238449576859114,13.285397335665827,9.009696210641172,11.167776263347807,1.5629208871337763,5.950842944059042,9.780097652602503,11.809362010912155,8.229537202885801,9.069498298360362,15.003963850524979,12.13690951558278,12.396226368346696,5.388420628260236,13.46704583934735,7.0209787635412635,6.790467018100561,8.001964958639302,8.658172384014355,14.534837764522987,8.770914630464873,12.43641376394757,5.909388525106188,8.682000867522026,13.423662558445205,17.488062201092617,16.06562871150963,11.608010361493479,8.292982241195753,6.176596671809754,11.919701317845135,8.08344418851894,15.759157782613737,7.452769810985453,11.094907229662095,10.630097238357834,13.33728703219113,7.171478089324953,13.649078074543482,5.604060566919107,0.0,8.007026786670679,6.517650926811967,3.112238376626347,6.100180407905757,3.6532074700492254,9.275807583523976,10.600040079928153,3.956091747582405,9.892929354210146,6.760674608860962,4.722254231169536,0.0,10.059358379288238,11.95568875171601,17.18128800186211,11.542137759046234,10.505452641062341,4.024438820364663,7.374959959328611,8.28753192332649,6.505683680061543,10.592473501556766,14.992729354603453,5.284247307735903,5.418118512513068,8.273329147720002,11.72221125998489,13.758129362473499,10.26020093184659,13.005936703360526,7.327530557988194,10.280006864984164,4.869180623081428,13.388951868783316,6.494996949088455,16.283475607442732,11.133693042826366,5.734734008721214,7.439847171377056,9.437094621058632,12.216140567687184,7.936208477928005,14.714890821436938,13.228758802925363,7.322321308924729,7.228999803389258,15.973974677094725,9.430127301081953
9,2018-10-06T05:00:00Z,13.586283662606727,5.209181458886281,9.024802612238974,4.873289384379486,16.000268971142727,10.959813640668864,3.323739956306242,7.407443224170981,13.522603621672712,10.053614512760612,13.281920450699502,9.306388850390537,11.696562656714159,8.851776038363397,6.870470557417367,8.90912731670141,4.7250713145009895,5.88519730192345,6.196994794406564,6.441683209196755,12.743923748131653,4.957755823087404,5.427946310187919,6.695258949517564,5.783032377504384,3.6159496100088897,2.5240481734695166,2.58906055309619,10.738846803868066,14.66851848997722,4.8857398657794135,3.134150427858266,3.399019440826684,2.342822906396942,7.844920253421892,7.402122290905211,6.533263998644438,7.5377572703487905,16.80813601204857,18.104567470930483,5.470054165050245,3.8799948756050737,3.0384702454233237,5.035795437698178,2.7285690217762895,7.44673848439429,11.380114636437577,12.35986963260746,8.558314339338809,13.718472537938114,9.657381795590195,13.988761696257438,9.438153840875094,10.182167114115625,12.525302384806757,14.234177362956506,16.788278892216372,11.670705259165256,9.53770812578047,12.031948296322598,18.77845852215501,14.987386494725907,9.48396525662904,8.696453329912703,2.2148171567716433,4.764715431748375,9.81509916303559,10.870177865535755,8.933679985763106,8.54619253417768,12.81563370166873,10.843740570752237,10.714996336651474,5.871744857321695,12.219424585572062,7.7729685481633854,6.22659186981743,10.904240318484106,7.558556446199752,12.664257601788218,8.708392362829198,10.97002900914868,6.565000175431995,8.386651945715112,13.109203665874443,16.99678156133333,14.950144633525086,10.768839518638543,8.680893972241229,5.360310320100324,11.280505714058142,7.4282563578484275,15.986412457592904,7.031828440284951,10.208295398722695,10.321113515091747,12.65113181141087,7.773803385066364,12.142059403650817,6.470338146450428,0.0,7.986271593669476,6.6708364129970725,3.337647892428148,6.271772326864177,3.846022380189903,7.653729438482765,9.350501555357864,3.120481045949042,10.281646587996882,8.610404234224546,4.765388690433549,0.0,10.150689633997544,10.3366240988138,15.13440518648899,12.757518834906152,12.49734320550926,3.2164516182891356,6.109235559004267,11.105357676691707,8.757629570188842,8.694093035267343,13.172895819033332,5.280070802776213,5.185298090671539,7.453660495049082,9.958766801161213,13.010694375804919,9.835666832496214,12.156076459209618,6.975160754379164,9.190064634854423,4.516150632933339,12.925442340852394,7.073627486267125,14.949809610084163,8.884902420046135,7.475123722776914,7.304751411054865,9.224493044824456,12.035696720231453,7.805562211607535,15.487445197744249,13.339873181513362,7.252893926525227,6.986228913124596,15.74172630525753,9.414690751641794
10,2018-10-06T06:00:00Z,12.423204258892735,4.643930420911851,7.361645506412229,4.075171162664742,15.50156907456173,12.226540680822295,3.4365115446215406,9.587944976993267,18.090179771519423,12.387700165052879,17.846398234948815,11.079107598406239,11.015039648059954,11.99409770521498,6.719651198275448,7.750459902481659,6.511505705478969,8.343262851900384,8.031040048314894,6.222344744197224,13.361644901789063,6.203631485386935,7.56018984882536,9.173580155659293,7.154630067411715,4.506135893834233,3.591244513461225,2.765938027991255,12.391220218013268,17.527166706219518,4.568248771538563,3.3107917326356846,3.266778748129184,2.513157830925564,6.042585519903039,6.591550746514999,5.702064278453177,6.739826303167646,16.594151222451227,15.786261770909197,5.001785359852489,3.6027294975398374,3.068698080268275,4.573076992961787,2.3400823494042315,9.234688583613861,11.154627791949588,11.469533346883491,7.678400154322551,13.3522353396777,9.267999066411864,12.927341464275152,8.962579712175557,9.331844456244593,11.056923248414563,12.38215665969159,21.88309238753626,9.934132464892167,8.392131602398326,10.297105646110875,18.045785856141595,16.570839617001674,9.90462095394706,6.829235638307182,2.9016248192376457,3.856336437830832,9.870222842614666,10.12381168743056,9.562159969814054,7.995901696588776,10.948531517535418,9.588351642597052,9.027097774672585,6.1626768360836355,11.09095404208525,7.882809185693155,5.54081008173325,12.976400288853666,6.470612257071489,11.034931156422534,8.504568698952955,9.490415235271488,7.620812909943794,8.182544347529587,12.8483195724327,16.841553072831516,13.788881734416,9.901325829461072,8.979556904838825,4.567684743110219,10.609708984584547,6.773922633430191,16.10989253969865,6.551239115548951,9.210892282497642,9.915669469275935,11.933640826338483,8.13620768070312,10.664614354561415,7.349260652105997,0.0,7.918111228047463,6.83645351940512,3.760042321742861,6.864841781803216,4.135319265215091,6.529767030965567,8.486217374874796,2.5894333561964684,10.382708375929576,10.000513481650094,5.102492366876515,0.0,10.204249381560835,8.949936195856687,13.170401659977326,13.917208619739629,14.003820589524693,2.556091826643037,5.122594581018868,13.231358511900417,10.719573140700499,7.034370657773434,11.464531512964339,5.248974534893284,4.864413409307557,6.653134679158553,8.45692528597547,12.353627121175728,9.555345960206342,11.239873917331193,6.453249859620638,8.038511111923071,4.165554675304506,12.4697061576246,7.649850586046895,13.747000298268013,7.172773870448564,9.139911017959783,7.175742506799085,9.097995020247426,11.861758870779763,7.70623280857086,16.226398270152806,13.512215694764032,7.168242180283249,6.756886872665316,15.543764843574978,9.392416917330303
11,2018-10-06T07:00:00Z,11.567265964523823,4.078086043988257,6.130695190327286,3.628487693633442,15.09509238957838,13.528834191644865,3.62155196027381,11.363843205193652,21.95760162673114,14.2117597263439,21.693948922711233,12.651485560030228,10.460324580039082,15.101475968812956,6.488479351976338,7.015774132323686,8.307554912380732,10.778135176224279,9.95959597366204,6.539122541240747,14.401348794289602,7.774258245733187,9.97029285325313,11.388507404638094,8.549376942399734,5.259762778536416,4.573867696147638,2.924395610561274,13.467240722387366,19.500244089953444,4.427808616758588,3.5732491558226966,3.2130822095058327,2.5869865744572267,4.764261932767129,5.918816203569131,5.045894549582979,6.103248726388026,16.137688068154667,13.899924811189202,4.809690771404776,3.5985179177538473,3.2597922027925024,4.348268641368075,2.169924787881161,10.787521438820818,10.911363093217192,10.763759840346442,6.878214476336169,13.106626852764679,8.904893670459057,11.899609704318614,8.470128069817108,8.56965793095719,9.85738377923594,10.777353587637826,25.61244891706938,8.602373054062973,7.519238043000207,8.927561085733423,17.158495912033985,17.806314857986592,10.385659515106624,5.739679350217184,3.478978016547337,3.329209325766604,9.965472048844331,9.527079854123812,9.857741576730467,7.455256010791126,9.511535327825163,8.46745357283341,7.580449359031514,6.394364299461661,10.110642145080144,7.504873911128889,4.882375185712437,13.94849277882414,5.638005346271235,9.780628964679364,8.186852584840938,8.314797177194787,8.854081863501083,8.07023348871843,12.592014504733699,16.83833258804044,12.854203284514735,9.161837302540905,9.114714381099711,3.9444936952979273,10.013140838706967,6.201731856098312,16.20544354190507,6.132088518431861,8.229097179846407,9.565035889353474,11.33414434452757,8.19981476876586,9.393993386188617,7.9881450288991624,0.0,7.7659807160687295,6.9197917120488075,4.249603916738479,7.581281528248196,4.3698719740454965,5.935539773877304,8.061946071319344,2.2945423153238025,10.113588319478616,10.6967262812691,5.519722578541899,0.0,10.026691973190871,7.899771279484526,11.646915342699204,14.743924470206268,14.758409415252753,2.1103013524126495,4.465773722492576,14.34092645558686,11.977915870578013,5.750783997431078,9.996009143624693,5.209728822195795,4.526989075496744,6.070134326760133,7.376136173537924,11.710790007702851,9.383126279387636,10.43414999318795,5.970835444618778,7.001396033809694,3.9277474131932006,12.00097307809939,8.039313412495037,12.66242247899908,6.065745988330169,10.548186177620789,7.078189572297976,8.991458694156194,11.669450006545175,7.678608336858377,16.86537982011368,13.689700746506835,7.105317973520146,6.549690118948909,15.313854650611786,9.401142579270415
12,2018-10-06T08:00:00Z,11.430888648829677,3.7196940716951508,5.395955335442604,3.532238132274354,14.558829837207647,14.527093893161018,3.8333999934456684,12.456516270530692,24.526182982290308,15.224581153669034,24.336369354626836,13.83328042376805,10.004569607875752,17.706079674432786,6.180594243475703,6.728706851308648,9.699935488526854,12.808351024307225,11.764388577390488,7.5531136092296585,16.00742499633366,9.4962775691034,12.347035785180104,13.015710931730489,9.820387110974794,5.805438963827362,5.2808284391729305,3.037505259296732,13.670056665838754,20.354048787315914,4.394611490092906,3.837087951549946,3.2614935281488164,2.5829823904122446,4.125084311922329,5.379918658022571,4.593727327897113,5.789188782357032,15.570887493068696,12.697236905254838,4.796952238715227,3.769629407622417,3.56410872277859,4.3054247459679456,2.2178825941117752,11.933525824959105,10.724109676313079,10.302416148545385,6.244456538612302,12.969228136394744,8.585106982287007,11.021507601185148,7.993391282348542,7.9559463691405625,9.00705504095834,9.551492216430823,27.366861120704467,7.692227392773339,6.924580898445344,8.019903594456169,16.236515753696473,18.655780954776162,10.928029020716277,5.43604262941429,3.8404139044920096,3.174633305433508,10.202465582341471,9.135653584630155,9.755621850215288,7.000422604658576,8.56696143123376,7.610045702471286,6.4738513706237715,6.671342246608698,9.330468766893638,6.819782815114127,4.355774945516032,13.788185099088981,5.120080726302456,8.893182326411218,7.765460778886409,7.587492093661202,10.02048864558411,8.03995851574477,12.3480718893884,16.87000206216753,12.255033608976833,8.658343691546717,9.053679289796111,3.5313485269571583,9.56081202393668,5.757380979141704,16.277037394824077,5.818892184300997,7.378107310211266,9.315130284145777,10.909480235101569,7.966832949511802,8.436240604092562,8.225018583724163,0.0,7.504950843447618,6.845120461079732,4.688121676277303,8.20447673480226,4.454937299915941,5.748740234884767,7.991649781543086,2.1641678445189854,9.458210723573398,10.61232583067725,5.857242775121571,0.0,9.532306019114017,7.243173600879193,10.779449179120054,15.114257973373256,14.673730732076478,1.8818008799201205,4.114118216904975,14.336958512395196,12.30128176805559,4.911093722283564,8.857483498338766,5.159557636829829,4.211257176277037,5.7742858661589285,6.767095512766867,11.074386292303732,9.316498728131362,9.800755884932006,5.645566486761285,6.203090085767379,3.8322064246006935,11.567949370763188,8.153575782238956,11.716908375414398,5.5115105344793465,11.561675666163941,7.005072902537517,8.87851906819615,11.471992771366908,7.717395105353998,17.348769722711403,13.821171436911412,7.07111051625056,6.382642606785426,15.061413817799746,9.446354751126314
13,2018-10-06T09:00:00Z,12.325384156264072,3.726149518103977,5.174890486927797,3.733625967228828,13.689213367481088,15.013716730630488,4.0080384196821885,12.746584844133206,25.52590490369615,15.27104572040012,25.58508103399724,14.514218387165506,9.620685928180917,19.45507655725958,5.788233070993838,6.825609324825448,10.392191811462663,14.143834172045132,13.238290437878371,9.183235259825771,18.0984429823714,11.15958619228973,14.38618460545921,13.876261121975109,10.84448582395762,6.137212474408122,5.598731620865945,3.082100416040576,12.939676698975301,20.070207366053882,4.400367200661067,3.990391092069264,3.4079797812313597,2.5345971122771824,4.1250509269112055,4.94652678152423,4.330656434869809,5.851989589582136,15.027330259932018,12.350123102484863,4.8667777474198655,3.9952815316017762,3.9227368475651136,4.3557344045895245,2.4574636676892423,12.579309170901135,10.638495443613623,10.102660306229305,5.843436976435253,12.955135180989691,8.349510073264515,10.373376138054287,7.562150630530658,7.544435536099845,8.554347122804913,8.774495208591237,26.945230997092477,7.151803637774526,6.558031315177814,7.600410207316468,15.434081281743389,19.123481990255492,11.559417818343283,5.787389860610546,3.949573510938297,3.3346526030285046,10.72763780422313,8.92370860988342,9.247835902777174,6.658864841763878,8.083483276538296,7.064139237251354,5.763589256594404,7.051768132680016,8.752208064824064,6.030795977610911,4.05412286157336,12.664286136619955,4.955553539615222,8.332642015784952,7.266777049233706,7.398342332274398,10.931831298356217,8.075259493603275,12.111703096519737,16.84932515659152,12.056103797867225,8.47183250416591,8.819938516552583,3.337584877931545,9.315527663932395,5.451466335420189,16.349113136208523,5.656386332860102,6.736162635670499,9.202890897193768,10.702371077571414,7.48407242388952,7.814320889559679,8.006016993454992,0.0,7.141595153320349,6.581584389790413,4.971422039994382,8.56522546639709,4.329289323640415,5.830091293547377,8.169430881969872,2.115804885189943,8.47541965518502,9.818249054025763,6.009762464372838,0.0,8.71798063648773,6.944685476583979,10.61651281607439,14.983287078321027,13.83975562798165,1.8448254904990429,4.019053260600916,13.347660927371471,11.675142946673418,4.513681184449725,8.088004300289047,5.1105312094876325,3.940964961311749,5.7885587107062335,6.616843348414278,10.419486356925798,9.32521666537161,9.367588430566837,5.5870340628283115,5.721062223356734,3.885758814719593,11.18493128371422,7.950482243309434,10.890918761730216,5.37210630439998,12.154039436042295,6.96485813849048,8.724879835131082,11.286897022001687,7.830216085390143,17.63090265042421,13.86643660500596,7.07330672044432,6.272052151423357,14.771906196969976,9.523627419238363
14,2018-10-06T10:00:00Z,14.155178908271957,4.092708697642905,5.4257941480316365,4.113481056616173,12.628406965434705,14.903899979880045,4.137798137490929,12.265782958775622,24.922523210812475,14.503997001399537,25.426487136180967,14.750321456208223,9.285755352783367,20.239940841373887,5.387124947342639,7.25405589862164,10.371655299932165,14.68589706289676,14.22010824711982,11.295045218981365,20.40757039391787,12.531795578767277,15.82244747463697,13.908170967295078,11.495640452422125,6.2180520691236625,5.50839083006556,3.0739363870915986,11.451802486754065,18.80512052094069,4.391144792923926,4.025937588142861,3.6089848810462746,2.5003788037158565,4.697944928691646,4.683229061967174,4.2434066281554905,6.2925843598538975,14.624095954319817,12.75392861320595,4.959132102176396,4.188486437722368,4.295394703412393,4.410360375191068,2.8147302501803253,12.762386766759702,10.644128457354624,10.121903490426241,5.661398056488428,12.937195086592986,8.15561821014663,10.0079147341119,7.193576225516265,7.3238676990902745,8.406452983669098,8.454376746801039,24.624668620390693,6.925352008397573,6.428908880416389,7.5892221498024774,14.788063702039246,19.37421509857102,12.154126730579206,6.608214818580231,3.816230438399354,3.681115756702455,11.51715978628421,9.017808273482604,8.530909964652913,6.493329658417586,8.019744925043824,6.911750233434721,5.367336454786642,7.499862588086421,8.419760921259002,5.2627770054959235,3.9695244408473864,10.864639009308126,4.991126933333888,7.975155660816557,6.6992790282405,7.642971073340133,11.45997445246633,8.153181808949991,11.93448503684685,16.80299704320712,12.148029119556186,8.589146633522272,8.448482078739033,3.2805899661710822,9.260584843096112,5.268201946306504,16.35514720275966,5.602884443754506,6.353024347480506,9.151495255578759,10.646807759671738,6.843058302349386,7.5197649242707065,7.390543306919257,0.0,6.679932309720666,6.1262860933898775,5.0595867535797785,8.649400596735068,4.028997621795147,5.987666584697127,8.422486261163268,2.1176952121975194,7.290473777332257,8.486976229057202,5.9769371171566865,0.0,7.71043097802979,6.971263038096825,11.07905737504439,14.476787739692403,12.4690008608046,1.9318244615681848,4.089889017867441,11.630830727422278,10.262090505448107,4.512287240780548,7.698498435138095,5.0437835935832585,3.7085733121223203,6.0179116916216415,6.836862202074434,9.841663784095655,9.423182464934666,9.083827545193007,5.745185954914908,5.557559412212672,4.022435185381496,10.936010348277263,7.503908529814687,10.238589388310746,5.510494874107104,12.320290704543964,6.925769309951271,8.5682426335881,11.157386240211727,7.964721553991426,17.702044000020365,13.819790105301275,7.087253924882342,6.226504124223846,14.528195537248019,9.60183486082455
15,2018-10-06T11:00:00Z,16.619180992784113,4.7474762420225645,6.069077616883354,4.571576016457781,11.568945774957065,14.312447014305366,4.223591364826153,11.16099590976214,22.93905168332611,13.169518304119139,24.044855740946954,14.610858238647891,9.020367196452193,20.080717845026996,5.04187610527816,7.918113060027949,9.737610381960689,14.430518979716426,14.619776292060454,13.6079800662844,22.646991559821913,13.438453896315476,16.485401351418435,13.185852062778439,11.697710799959719,6.06936304026471,5.068013468659401,3.0449645228847313,9.534647471924245,16.82566350728746,4.3624742763919615,3.9854946425692623,3.8348195574616533,2.5097724551073055,5.661183827436009,4.638809193491989,4.331471484938005,7.0594575975773335,14.469256835609304,13.755976361317485,5.047655304268,4.331141390424381,4.682987179269217,4.4683810907813335,3.221241384303465,12.528675749963158,10.72095001980719,10.26880067023257,5.666970285322714,12.859879281998948,7.991775149965243,9.938230627665464,6.900894199625945,7.260244346819208,8.498962022168445,8.526901282749225,20.940224938358142,6.951675348319003,6.481450428619434,7.890340070627196,14.264453839142963,19.501800640601125,12.629072013897288,7.7247001917325395,3.4991780360074967,4.111195961339838,12.360921764210987,9.459503191994958,7.796683672864043,6.534842386525779,8.285311658309036,7.157878136973903,5.228142801834262,7.923698831168612,8.32445881575451,4.626064960898516,4.062956450155821,8.722199891839667,5.124926352203669,7.765606782506669,6.1082909220004655,8.235540088722875,11.57899137273007,8.243659807914348,11.821930292880008,16.73149726324691,12.440981331850033,8.934582221343634,7.981505211542739,3.311232718789728,9.347748030487173,5.195130205773288,16.274286455444113,5.638384446797231,6.243675530722783,9.126401359223753,10.69740495159954,6.157376219598039,7.537452807618848,6.500949847171269,0.0,6.138778451041068,5.526290828931821,4.953708742201504,8.48138144991786,3.628216479118371,6.124994442848861,8.65170399364229,2.153958318031643,6.107138016237375,6.8776252921991805,5.797547649071954,0.0,6.695773147960157,7.257366170397038,12.013571755128282,13.73438795560863,10.838656333403042,2.0866758257695315,4.245046107431826,9.517102677852382,8.351184945356843,4.815857402222619,7.662419844261782,4.9606571057873605,3.5277131937828923,6.388926649499903,7.329260368387047,9.43181869199401,9.587224254380812,8.962678045919446,6.049758968789341,5.678437782802908,4.20662172808107,10.8538976343083,6.89794227348831,9.806462724663886,5.827397388774836,12.121049656405674,6.871727196297935,8.440464945551113,11.101039181632371,8.084375298201477,17.59413719086792,13.703626441351261,7.096875424546408,6.229779878602599,14.372879835745824,9.668161078099754
16,2018-10-06T12:00:00Z,19.286607264760104,5.566644721332006,7.0255093935839374,5.034428939465098,10.737381433221692,13.473436357809295,4.273916840645213,9.639583191704638,19.959677339554005,11.541190199008797,21.72916286895959,14.15495326194841,8.884515277478013,19.067134936632076,4.812258742809609,8.71624940772677,8.673229413946306,13.438449144165675,14.398560105739548,15.729548767289197,24.49519736232111,13.757358263225859,16.283499278139075,11.871826554819528,11.415702538548278,5.753230427561114,4.386945254302605,3.0301874437062173,7.601814472057287,14.446943628013772,4.348073172983124,3.9309615396037696,4.064367987518185,2.5727193943389386,6.800685814281982,4.859844279123769,4.597721076055384,8.053412350388598,14.636917111253853,15.188101357898326,5.162651785272033,4.458325371857611,5.102340152720328,4.587188093938185,3.6234563345812725,11.928095602240964,10.849358601301756,10.460428963149841,5.830690075229541,12.726263317932844,7.873751298370237,10.14892172946299,6.701915880652512,7.331499748265644,8.79725973553904,8.900140271135415,16.543066847829643,7.196028944480405,6.664020757699172,8.428346462565766,13.83961639075542,19.519313923234506,12.930877609718213,8.996864430571371,3.0864104259254184,4.5637547834278,13.071584349872083,10.209748319780092,7.209837875138855,6.8019044295858695,8.804179967205698,7.760642688152302,5.326779567616981,8.208998875673352,8.44766339303456,4.195463005296839,4.291343028875659,6.559359528391698,5.314518717673998,7.73421702227802,5.5634204226107205,9.10743646112181,11.351917252266482,8.326184785537944,11.76122491178958,16.6268854578077,12.86140629606503,9.40225301350378,7.476280400588369,3.417627506715346,9.531371996474622,5.235336722850667,16.122529534256234,5.750586825725677,6.400842343043856,9.126613999600652,10.83936927353713,5.537057999769032,7.844678994741308,5.49529139458247,0.0,5.568015128879891,4.882109000488069,4.692029408014366,8.144327591939938,3.225111657377492,6.250485735970985,8.837256116926028,2.2366717692832037,5.155262948364992,5.278032432090219,5.553800797877735,0.0,5.886295409460976,7.730292005463401,13.22396306421554,12.888107940030586,9.237144080048395,2.278254639242032,4.438064585922669,7.347081302543733,6.287173799209318,5.3362300925024355,7.9517492174563795,4.8807559979876185,3.42376081647192,6.840265359362704,8.005527314644269,9.267320415281276,9.785269373920718,9.04549116985412,6.426205560845435,6.036165425338349,4.424008678507278,10.943129181365771,6.2186390405667025,9.658292863169509,6.278477785890586,11.643902016641503,6.805548081149334,8.363949613309282,11.123484937735856,8.178043967650591,17.352114237629287,13.552961589389886,7.092875994101291,6.261651327463131,14.313542158317418,9.72307078738876
17,2018-10-06T13:00:00Z,21.67358674872474,6.39665307737493,8.2166974556443,5.454681848148105,10.364839306066994,12.659472273924614,4.304347555261229,7.9382640276383345,16.457403683891577,9.892839307635459,18.8221865324832,13.443898447486589,8.949038183096105,17.358432117207805,4.7497567852179845,9.558248575649433,7.421353958176891,11.842090910396475,13.576964270372846,17.254788362989277,25.631430652653687,13.430202169319855,15.2198725927523,10.183834403356627,10.662158706864542,5.343884006233227,3.602781858959526,3.058350391973238,6.067756797175482,11.989900691528517,4.400920325196572,3.9261843809322983,4.278282068584733,2.6856597762722423,7.9216686561100165,5.382157461538906,5.034944051546406,9.136930256739532,15.146972010491483,16.869538045188033,5.375211421377191,4.633250341641963,5.568336123192281,4.841266075544851,3.9825413502355835,11.02631325310217,11.004340753710892,10.640778930469008,6.121740745483592,12.569029090265538,7.826302974683652,10.601888777189345,6.614330698139483,7.527902881602444,9.27674645300672,9.481065596916151,12.108596763794033,7.647753596123993,6.950897280954617,9.148044898848347,13.510084030272397,19.396197143873163,13.020693976909996,10.318169806105137,2.674624400946498,5.010800100177503,13.522993065686416,11.176801425780118,6.8948280967548445,7.293324243297057,9.523618091525984,8.644282446038002,5.657940556968517,8.24477199519903,8.772012372002523,3.9935863152510787,4.610000299289703,4.6495403466621505,5.549073844794233,7.954308749883191,5.138572500188584,10.181914066562639,10.895108474783303,8.393032694933583,11.73989407660494,16.497546242425063,13.340984470254213,9.88205354709223,6.998474973958748,3.6051984858453316,9.773934584706163,5.397044469179126,15.929093995339205,5.923445044100795,6.795878844208788,9.162013257531894,11.069186183190599,5.071422071619039,8.406572019757332,4.542031881572112,0.0,5.037529593797435,4.319093964630241,4.339652087015452,7.767333832165836,2.921636441167603,6.437951262168719,9.007227800855645,2.3988503793269547,4.635312409871318,3.951501795097439,5.354316340963226,0.0,5.478750377185582,8.32416934515686,14.501198529749562,12.061319211202834,7.918556157965288,2.4962581071340084,4.658055502008976,5.424250547792224,4.4114159765481,6.003458029690062,8.539009252313274,4.828401037116189,3.4192933966571815,7.311628366628536,8.786733050923061,9.404561506355954,9.991055057510486,9.361743888998987,6.797822778637251,6.572975925383842,4.664697518314439,11.191878101859313,5.555737780325746,9.859829728138735,6.859685113007786,10.980918491390888,6.741714829057544,8.355124275806723,11.22454039568612,8.249824098793123,17.02136431481327,13.405698224875591,7.070738163608443,6.30685135576412,14.340978727017646,9.770751371867751
18,2018-10-06T14:00:00Z,23.402661518293748,7.097657683371809,9.52991577847115,5.795366930987695,10.56662158023123,12.104130896005147,4.3134706682073025,6.340921663288568,13.020382378339324,8.491642082912163,15.798177463232886,12.601198871188856,9.228792245094272,15.2576648541969,4.851224916199366,10.332892410238815,6.257383941711339,9.904309726815827,12.273193141593946,17.876507552389786,25.75694872236174,12.493521388197872,13.453897429855507,8.405472626442288,9.533631035114865,4.909563174611514,2.87060720872043,3.1323050643648847,5.260062051918069,9.78640328330796,4.556860493811502,3.981333557712219,4.43774617498384,2.837167074435506,8.860335254212078,6.16152244423175,5.582259618035932,10.108414264119281,15.924521041784256,18.605033176474123,5.7316746338044195,4.8840973239105185,6.069031775746461,5.231395234974851,4.266003352386124,9.949912778068391,11.126045262014504,10.767190604133745,6.490002173637558,12.438853362507437,7.8732283360537885,11.229090873478498,6.638387155010065,7.832575596059217,9.894736728901298,10.188009935975616,8.3249586733763,8.259453648508707,7.294785304371899,9.970117695264001,13.281787929045862,19.14490873897003,12.899401074953856,11.546489785844226,2.3611824670135126,5.41691383872914,13.616354438599057,12.220744486316686,6.90049772822014,7.91311797086437,10.335740346139419,9.655237267129024,6.172223915777144,7.945183464723811,9.235573626617589,3.978855465790563,4.966277658366533,3.221773062066708,5.80645640472412,8.429222436565269,4.8789414157376925,11.328469985384551,10.328257990197695,8.441797567080219,11.752578084929818,16.420890134437062,13.81244742559379,10.306301260545983,6.622086484839313,3.8488862548771223,10.042857108534204,5.640933247541545,15.71355989915791,6.1465314329060785,7.354288606760097,9.223310479844944,11.35310247796932,4.814910841592149,9.128390772726352,3.8137639479313665,0.0,4.610754700662477,3.9266802748856007,3.9645405690468536,7.469288601470265,2.7827259177351875,6.735046428045386,9.170623992009261,2.6546064465689376,4.640909189759193,3.098471085552073,5.297432494237185,0.0,5.588002720497064,8.947520246563489,15.61365574154377,11.384045014974888,7.087655913235833,2.7255541827881746,4.909946403481669,4.018026749049848,3.0417024286822567,6.743542595661408,9.35465586049626,4.814892280642113,3.5022620903185606,7.731784676832671,9.58150743692193,9.833307174114605,10.173216260279428,9.870102479372319,7.104672526492074,7.199946597774813,4.894387393202527,11.539800573162994,5.00934554894101,10.381245501889374,7.523765181701258,10.257402632366876,6.702409668030006,8.41840645588759,11.39757277489867,8.306371126586665,16.63565385259348,13.294946738138531,7.035558226807081,6.358522550688221,14.436612080683684,9.798947118215821
19,2018-10-06T15:00:00Z,24.16679096249206,7.549953636263269,10.836208362506422,6.043060209856996,11.412321590670617,11.93965228941625,4.31351500801871,5.086339083982704,10.14709663446063,7.5596748437170405,13.064145095582052,11.762709590167203,9.700453965228956,13.117481139511007,5.105876335310956,10.966647600579535,5.437438978484665,7.938182544951351,10.671572049103517,17.49396971177665,24.724841261633575,11.065154528963388,11.248651800209316,6.795132989201833,8.17348263200029,4.477665040601851,2.3190402137386847,3.242947637641045,5.33970835990041,8.088546943355919,4.839544203781192,4.1045377337740305,4.510812815544286,3.007155258558189,9.527701109608845,7.131639213897335,6.164554611806315,10.787230067957946,16.842812292147453,20.185591558306168,6.2649984204078795,5.231539215413458,6.574409084465238,5.730152826038694,4.451257013200312,8.84097014723798,11.153721313705264,10.82818826602553,6.872956587722842,12.354510769698141,8.007570213050462,11.955195755576954,6.76338464239302,8.218513127001248,10.583536342618823,10.959693279663558,5.71860721457799,8.99164760984836,7.6790160429114565,10.822042974208308,13.13850894193449,18.800712623745547,12.557711829358142,12.584825892917529,2.2066851738536766,5.759648958320245,13.266144776138638,13.226816920918633,7.224130419341046,8.552066720041143,11.153842327196095,10.643858896735665,6.789791838262768,7.2753244253248095,9.781898568438082,4.059779995152288,5.298265685158157,2.3908675721306603,6.041286172162946,9.120519288210334,4.803571786310227,12.383845999365526,9.747019737505553,8.476451795549147,11.81263119320495,16.49305584817244,14.204595728409043,10.628310820119854,6.396654186604096,4.111227012719409,10.302670041349863,5.920146048391957,15.469779464288926,6.3929335798016655,7.988579740060949,9.280837536865446,11.63376753999587,4.78239396389708,9.9176957828098,3.4307202636451275,0.0,4.333640755989597,3.7566259261095833,3.63759051266638,7.354896157917828,2.842170321540392,7.164101407113477,9.319215275914845,3.0145604167496174,5.164392348550092,2.809283373129706,5.44934837463737,0.0,6.242357905288824,9.545054669570737,16.395941973463838,10.965407233380743,6.830747693326749,2.9574907646776243,5.209990934404475,3.2710734001222845,2.3752669451263575,7.503525097430513,10.320072869200086,4.83227140025525,3.647134229600275,8.02907730180616,10.306235686082303,10.520872721459318,10.322207473129843,10.48634756343553,7.280834822822778,7.824046391727038,5.067959906589332,11.931612071551132,4.673464529817599,11.170217309122037,8.23489446334184,9.557287549190306,6.698352715508156,8.560905313899244,11.63185898482268,8.340437458773902,16.226856754054385,13.245545883925704,6.9919422396942865,6.415926408925387,14.600999011003177,9.790623212883308
20,2018-10-06T16:00:00Z,23.84928867563446,7.697650822262353,12.028053564491488,6.217312550977105,12.85228633538036,12.14561238744753,4.317694662891694,4.3046416339772655,8.13943910799135,7.177274103813041,10.868027677973082,11.015880779493822,10.312157475097461,11.218250883108528,5.489608986586914,11.43506923365242,5.108826119486534,6.214555199277526,8.974993660761672,16.19489158808581,22.561206609611983,9.318905212793553,8.910140465287121,5.529015797560434,6.750104136081045,4.046764921515598,2.0141288092916323,3.360414777876734,6.252676509855172,7.015408878153236,5.252471777362111,4.269000983551345,4.483784801574624,3.1704986952673924,9.948101550622189,8.20480915656524,6.695622067968005,11.039795786983918,17.743900230523852,21.470906552128938,6.997495031649967,5.673203691731189,7.020999313569826,6.2783192739671865,4.53745216666511,7.816594392020997,11.054708448908197,10.878566171381923,7.229289494592821,12.329584358096012,8.213214760235196,12.712001045743563,6.978330581323436,8.682327738441646,11.284492164146723,11.77922843211078,4.497363645052356,9.826389553860613,8.13491902126497,11.677213768745522,13.11706837776951,18.37175925054364,12.005438492582327,13.395641108426677,2.2206313900512904,6.049485623426154,12.56374178771656,14.070134986661738,7.775682947173989,9.110735444863213,11.949801517313993,11.484133529478907,7.445898803622359,6.287557232552716,10.37587421909146,4.1297645043338695,5.577043409689707,2.137532023708581,6.237913013366555,9.987159012728526,4.911997444654677,13.210408003737774,9.206246495037073,8.514767055541416,11.946385036740224,16.78699142095201,14.478576130227033,10.848244735087672,6.352466035859708,4.370635316908802,10.550859891732502,6.201711551221612,15.191817027055468,6.631190754329769,8.619526458901861,9.313238722835084,11.8703927330849,4.939054574522093,10.695333707380195,3.426700992989346,0.0,4.2482229249486325,3.8309332055546346,3.4126123387004648,7.489562942106957,3.0825683917864932,7.738869907227286,9.44888178524732,3.479834209241776,6.087119053740528,3.0435075439143113,5.824837321248096,0.0,7.360421563686063,10.102864680059728,16.784729923282054,10.844306013490304,7.0911031224329335,3.2031738340092115,5.598869572846823,3.1715329466543793,2.4357538539843406,8.275102512910207,11.374344781405414,4.86648900954408,3.825079993609096,8.154571998338023,10.908561845479376,11.389272182709393,10.451140087044344,11.096680429945465,7.301172742215844,8.381719207229333,5.147794206556513,12.32157162538195,4.6019143855121705,12.162880052306589,8.973199132944323,8.906266579943333,6.740007994151644,8.772834135684445,11.914613703848506,8.352413819106578,15.8064922682936,13.25810394484749,6.94840705804836,6.494612286950289,14.829578153903597,9.732340817025827
21,2018-10-06T17:00:00Z,22.645873099264552,7.601270492303637,13.041672471850585,6.390696826896509,14.59203750321727,12.565890616932611,4.316780820849441,3.977129271517735,7.057958888093884,7.180162278868181,9.272860183985122,10.32306917817356,11.004154861821021,9.657382719826579,5.933448182880186,11.740585299841609,5.200660853547288,4.863767338607351,7.370430149889112,14.193341416763298,19.52783124377482,7.4776056605303785,6.743326034551515,4.6751843675536096,5.447601351996546,3.62981750699118,1.935300477744854,3.428739498930695,7.707380529665089,6.521654162585838,5.784381107434895,4.385011555058961,4.38620818109573,3.2844127323445083,10.233995519222916,9.241766843877565,7.091200179242463,10.80569860577534,18.475171383962817,22.498566747697396,7.926088131606862,6.182746510057228,7.3178451963224145,6.816365938378053,4.562391297368131,6.9065924089203925,10.858846864891854,11.040521563624452,7.57482667573456,12.451112297706747,8.513591127454433,13.444040218743883,7.280075919398835,9.265199440638021,12.017595585377308,12.66645883905176,4.431152145772517,10.760325027144106,8.68991257658432,12.587450526583805,13.343617968720523,17.749296353303723,11.353057597931638,14.013853501577588,2.360194305508185,6.358445795988705,11.824206958087569,14.535898163446056,8.31401487943593,9.498024899034887,12.743802271870411,12.054735903732002,8.162848713261807,5.144041802055575,10.972819333041677,4.127845276125477,5.846492695448163,2.30512034772012,6.508512881241419,11.045374664797922,5.207025166089142,13.801875128140352,8.724160449679301,8.585211142859457,12.15046107971315,17.272495412303435,14.706979690417691,11.026296954368497,6.500132141366949,4.67294885842569,10.84338716143497,6.485440853204123,14.93425923198302,6.870825244525527,9.188452228157297,9.373168015943369,12.10020822756835,5.2004218592657825,11.409207235236162,3.7221725121303795,0.0,4.400279337349801,4.151864952333714,3.3041802706372447,7.836600295833032,3.4126310143335887,8.50580539228935,9.609099510148779,4.021386296538049,7.203947683931522,3.6406816089501564,6.351848347732098,0.0,8.732980207903474,10.628758655392021,16.84464837597143,10.918741417313646,7.665730277968505,3.508058790214,6.147329544927768,3.5500298004309485,3.0525906255951445,9.088202824798167,12.477693527223622,4.92379576903337,4.029846261599406,8.141535193236189,11.39552037678102,12.271550453065757,10.56287418331087,11.627325174358736,7.247475804035287,8.86678105546976,5.149716362532006,12.636573222639678,4.754287364952724,13.263240035534587,9.735779502137452,8.28943526548167,6.857974310070573,8.993821314201771,12.214498128459688,8.382879715546682,15.364683143946735,13.302680661599165,6.930976199805318,6.619683457401042,15.055918197390673,9.634755455524163
22,2018-10-06T18:00:00Z,20.80610923684639,7.351850879836398,13.822792865858203,6.643257360136989,16.38269800939766,12.920873966356089,4.340752031359977,3.941348008369936,6.636788690543662,7.34595228481696,8.075479540403009,9.616717424786554,11.704854154411455,8.444222499008394,6.41056425327441,11.967108633878077,5.541745904221388,3.9248399369731706,6.022857742397892,11.97724483787874,16.168261259253192,5.77947663956935,5.012226778803376,4.1585722467373625,4.412383606675128,3.17990763721978,1.9841631082290696,3.4113459599723996,9.222465905915865,6.405679315707953,6.4080677896578155,4.428935875133412,4.283280815950995,3.306132924573548,10.5607249765371,10.157467448908708,7.320612899393743,10.175411508870447,18.934421665822413,23.29314297888026,9.003320523770464,6.739040968722233,7.383387598909247,7.31034301073664,4.565130763410131,6.099998649704133,10.637176129951838,11.432458623965402,7.919340968837664,12.710841601872634,8.87072440669783,14.12110116624812,7.658498664226004,9.969218070408836,12.767196172870381,13.641871176794403,4.991113222353973,11.815960285951984,9.408616129057336,13.60254748606926,13.844176356707006,16.858117333105746,10.654202354208312,14.571259409886565,2.517596094470857,6.760531329138965,11.267709979845135,14.561971562193769,8.630854661993187,9.715270229282833,13.621616850364642,12.351910331543635,8.939958340365045,4.060165472436855,11.573808606877783,4.0090108205306905,6.131007447728546,2.611512275888673,6.9084447288066855,12.27198996665982,5.66675860395989,14.164735699849253,8.260110441322336,8.707324280240861,12.43460183147064,17.860254199927653,14.949498414375425,11.203959623549409,6.783311592592353,5.057909142563688,11.204940595702553,6.799826915667861,14.712423300647611,7.092471236256825,9.671817692080172,9.489081400352168,12.341042828761207,5.464976418967215,12.080457757315546,4.13985990638083,0.0,4.786574935985316,4.6685644834265485,3.3127468188137574,8.307459027774872,3.7309649073816935,9.448745437377845,9.821196665136394,4.609266235301942,8.268342979867684,4.330822542061226,6.894201535846632,0.0,10.095891861709033,11.207667605040406,16.784807510773135,11.04826586377245,8.224331711279078,3.911394971901211,6.890651556418864,4.073612980736057,3.8767025242376825,9.98094780530277,13.603762292817617,4.990795222086037,4.268359402980472,8.043615060741285,11.800687096115738,13.051733781430684,10.69328114415249,12.027928543247011,7.168606362027042,9.29712966066601,5.099568610060085,12.870611384430827,5.0579414066155515,14.425803994858178,10.563032434533476,7.601674744527017,7.042422979451154,9.188642884284054,12.497475421274299,8.432685419033639,14.911197206170833,13.344908204845506,6.94964267127261,6.8049224154524754,15.266120709125747,9.518659866749697
23,2018-10-06T19:00:00Z,18.746374919468927,7.082396454336223,14.342981375393332,7.0315480004037925,17.933593188659152,12.882185142994866,4.413574809287576,3.962118506156701,6.443931902040546,7.408154420920671,6.980057338941405,8.832997792300969,12.325140199795921,7.51255047886967,6.8847783983254285,12.21490901747156,5.868218144745551,3.3519737760201656,5.04238464262453,10.128854190953893,13.133810621012344,4.438414247827579,3.8984317980198346,3.818033839931165,3.748541410582953,2.646484021197111,2.0150496407043006,3.281899176625521,10.244499696289488,6.394831689942237,7.064269552468376,4.3747146525820515,4.2471428265415145,3.2058382243237253,11.1120039295778,10.876438604067937,7.382065867534706,9.329356466002736,19.065457047889375,23.910709719588986,10.1075678084754,7.275720185262117,7.137478406489844,7.6978927210043215,4.580888598254896,5.373130536030169,10.47792481822312,12.137677709035831,8.277645373766905,13.065195126214128,9.229311923943873,14.727249603578786,8.093496741340697,10.767174296641834,13.503342347253886,14.720237232176867,5.499380106972945,12.98817194116975,10.327763326845693,14.732463264145613,14.60415485826463,15.676448578564807,9.970641582461488,15.192163859937576,2.5651186683557206,7.29794936163718,11.082646174826312,14.173692603253137,8.55372259185241,9.792830704184148,14.658120020768678,12.433259066159804,9.75935830886904,3.2725141852322777,12.183642186149338,3.771566390218715,6.4560134623176895,2.758822365222583,7.460188772727118,13.580657160496425,6.243249135571029,14.335039936724462,7.736007360505852,8.887059267861702,12.798693205384202,18.432171518700912,15.266849448365925,11.433647265704746,7.117663821888358,5.542012328906658,11.647382266621952,7.165904999834912,14.53207166438202,7.279463704611549,10.067371908644473,9.674105287279168,12.602597537663472,5.631310587909306,12.742860638263668,4.46614689205505,0.0,5.364253192036458,5.277724266843431,3.403559711183715,8.747253782500875,3.9232705609854497,10.478575465440006,10.082943909367264,5.1908492002967375,9.014935679762837,4.808980739549279,7.273266942970335,0.0,11.154773310046984,11.921972164416731,16.8620236512174,11.073655760642245,8.421672478432978,4.425602589114512,7.819372931213825,4.37858773494096,4.495611649991054,10.967486670206338,14.717481303512036,5.0517162144503,4.540859245942251,7.934399604524399,12.175426848656175,13.628545034212351,10.875447050431097,12.25901761177343,7.126767728626989,9.703861878695939,5.026497258644241,13.0400627546788,5.408694838882858,15.584572918302525,11.470451404200968,6.741233182425885,7.266076613525641,9.328550903728107,12.729011426698497,8.488035686400883,14.456493810172901,13.34438288837723,7.007495376402175,7.055183389990496,15.46007984470585,9.405637336703633
24,2018-10-06T20:00:00Z,16.94502245001203,6.924559939822127,14.595933245708183,7.565699529693709,18.978097944512783,12.255751393763653,4.544701952731263,3.817965183814576,6.040069981883659,7.156267117850432,5.742486852662479,7.944637878102942,12.793317765832452,6.770591201306522,7.299347761160391,12.551220841683886,5.88834341979971,3.028019517959529,4.462880050395928,9.156245952693752,11.092807789813728,3.61211209052954,3.455011302090715,3.474423278174813,3.494195338636483,2.0262927173397296,1.8876861724643574,3.0504307646000948,10.332176894687123,6.2393244291739975,7.680689114983271,4.230225429315727,4.351619140756203,2.9628643686214797,11.95248875992176,11.340964003588024,7.336519188992405,8.529100570741662,18.902747874726405,24.417688774630516,11.023493363791319,7.701875929628589,6.548580553816587,7.93551219879245,4.630869949312013,4.692638417669819,10.466883308952966,13.112222400750623,8.65624363161782,13.470735651028058,9.538178891754926,15.248930058103042,8.547309742871423,11.56392695667823,14.197449300076176,15.854379346171472,5.370622460582364,14.213405818330449,11.367654148166123,15.892555415154387,15.482274258867115,14.240549668629622,9.393651648611588,15.954129803377636,2.405728855346117,7.955162354855228,11.177433168833055,13.488183218716847,8.01691458724154,9.774924531126564,15.844693983664548,12.395773152479228,10.5940258356792,2.955217299245337,12.772914860292172,3.488390955264844,6.818732163576913,2.5374908448215248,8.154397299453699,14.830063794607154,6.881054451162472,14.403804604337756,7.089625470522375,9.096150580549507,13.188309713520281,18.8306104149285,15.721946840405455,11.732960595262366,7.393155194675137,6.114777190570844,12.129968283333755,7.584138021091835,14.41192893905021,7.441395932521441,10.388280129868724,9.939430790939381,12.888530607340286,5.642934188291921,13.441814730184744,4.522367836753048,0.0,6.035359261826095,5.834178779134768,3.5106153613305526,8.935291197989041,3.904979741599581,11.45396744525642,10.397504191688876,5.691434627861055,9.265433990313358,4.846862018103515,7.299924371278484,0.0,11.67364916962251,12.802108560651074,17.302492296057856,10.855654254964879,8.025008894819802,5.015079536785816,8.847500884613815,4.198101061668981,4.580563142412553,11.978044011861854,15.745841237852432,5.1033561442573365,4.848980405906903,7.92242779797871,12.582917040161302,13.950646238221463,11.097326307713592,12.35410481992114,7.180777363205581,10.10699043362636,4.977883507072512,13.160264897846798,5.680841592948018,16.636632022327955,12.445478710023853,5.689785803075191,7.487607401644462,9.401184905947963,12.862102171536314,8.519505518774343,14.040421292285988,13.279288602709208,7.101409592202119,7.338731319946286,15.636142407650258,9.325094670123166
