stationid,time,avlbikes
1,2018-10-23T19:00:00Z,18
2,2018-10-23T19:00:00Z,4
3,2018-10-23T19:00:00Z,14
4,2018-10-23T19:00:00Z,3
5,2018-10-23T19:00:00Z,12
6,2018-10-23T19:00:00Z,13
7,2018-10-23T19:00:00Z,9
8,2018-10-23T19:00:00Z,19
10,2018-10-23T19:00:00Z,14
11,2018-10-23T19:00:00Z,24
12,2018-10-23T19:00:00Z,27
13,2018-10-23T19:00:00Z,5
14,2018-10-23T19:00:00Z,13
15,2018-10-23T19:00:00Z,12
16,2018-10-23T19:00:00Z,36
17,2018-10-23T19:00:00Z,23
18,2018-10-23T19:00:00Z,1
19,2018-10-23T19:00:00Z,3
20,2018-10-23T19:00:00Z,11
21,2018-10-23T19:00:00Z,33
22,2018-10-23T19:00:00Z,12
23,2018-10-23T19:00:00Z,5
24,2018-10-23T19:00:00Z,21
25,2018-10-23T19:00:00Z,13
26,2018-10-23T19:00:00Z,18
27,2018-10-23T19:00:00Z,1
28,2018-10-23T19:00:00Z,4
29,2018-10-23T19:00:00Z,7
30,2018-10-23T19:00:00Z,6
31,2018-10-23T19:00:00Z,5
32,2018-10-23T19:00:00Z,0
33,2018-10-23T19:00:00Z,3
34,2018-10-23T19:00:00Z,3
36,2018-10-23T19:00:00Z,21
37,2018-10-23T19:00:00Z,15
38,2018-10-23T19:00:00Z,5
39,2018-10-23T19:00:00Z,14
40,2018-10-23T19:00:00Z,13
41,2018-10-23T19:00:00Z,20
42,2018-10-23T19:00:00Z,20
43,2018-10-23T19:00:00Z,11
44,2018-10-23T19:00:00Z,1
45,2018-10-23T19:00:00Z,0
46,2018-10-23T19:00:00Z,3
47,2018-10-23T19:00:00Z,28
48,2018-10-23T19:00:00Z,21
50,2018-10-23T19:00:00Z,8
51,2018-10-23T19:00:00Z,17
52,2018-10-23T19:00:00Z,4
53,2018-10-23T19:00:00Z,12
54,2018-10-23T19:00:00Z,8
55,2018-10-23T19:00:00Z,1
56,2018-10-23T19:00:00Z,6
57,2018-10-23T19:00:00Z,13
58,2018-10-23T19:00:00Z,20
60,2018-10-23T19:00:00Z,13
61,2018-10-23T19:00:00Z,15
62,2018-10-23T19:00:00Z,13
63,2018-10-23T19:00:00Z,12
64,2018-10-23T19:00:00Z,7
65,2018-10-23T19:00:00Z,23
66,2018-10-23T19:00:00Z,9
68,2018-10-23T19:00:00Z,12
69,2018-10-23T19:00:00Z,5
70,2018-10-23T19:00:00Z,10
71,2018-10-23T19:00:00Z,5
72,2018-10-23T19:00:00Z,0
73,2018-10-23T19:00:00Z,7
74,2018-10-23T19:00:00Z,6
75,2018-10-23T19:00:00Z,16
76,2018-10-23T19:00:00Z,38
78,2018-10-23T19:00:00Z,17
79,2018-10-23T19:00:00Z,1
80,2018-10-23T19:00:00Z,0
81,2018-10-23T19:00:00Z,2
82,2018-10-23T19:00:00Z,13
83,2018-10-23T19:00:00Z,9
85,2018-10-23T19:00:00Z,4
86,2018-10-23T19:00:00Z,10
88,2018-10-23T19:00:00Z,3
89,2018-10-23T19:00:00Z,28
91,2018-10-23T19:00:00Z,10
92,2018-10-23T19:00:00Z,6
93,2018-10-23T19:00:00Z,3
94,2018-10-23T19:00:00Z,35
95,2018-10-23T19:00:00Z,11
96,2018-10-23T19:00:00Z,14
98,2018-10-23T19:00:00Z,5
99,2018-10-23T19:00:00Z,5
100,2018-10-23T19:00:00Z,12
101,2018-10-23T19:00:00Z,6
103,2018-10-23T19:00:00Z,7
104,2018-10-23T19:00:00Z,15
105,2018-10-23T19:00:00Z,6
106,2018-10-23T19:00:00Z,0
107,2018-10-23T19:00:00Z,5
108,2018-10-23T19:00:00Z,1
109,2018-10-23T19:00:00Z,12
110,2018-10-23T19:00:00Z,17
111,2018-10-23T19:00:00Z,14
112,2018-10-23T19:00:00Z,2
113,2018-10-23T19:00:00Z,13
114,2018-10-23T19:00:00Z,2
115,2018-10-23T19:00:00Z,12
116,2018-10-23T19:00:00Z,8
117,2018-10-23T19:00:00Z,12
118,2018-10-23T19:00:00Z,9
119,2018-10-23T19:00:00Z,1
120,2018-10-23T19:00:00Z,12
121,2018-10-23T19:00:00Z,13
122,2018-10-23T19:00:00Z,12
123,2018-10-23T19:00:00Z,29
125,2018-10-23T19:00:00Z,15
126,2018-10-23T19:00:00Z,25
127,2018-10-23T19:00:00Z,11
128,2018-10-23T19:00:00Z,9
129,2018-10-23T19:00:00Z,5
130,2018-10-23T19:00:00Z,0
131,2018-10-23T19:00:00Z,7
133,2018-10-23T19:00:00Z,6
134,2018-10-23T19:00:00Z,36
135,2018-10-23T19:00:00Z,7
136,2018-10-23T19:00:00Z,0
137,2018-10-23T19:00:00Z,6
138,2018-10-23T19:00:00Z,15
139,2018-10-23T19:00:00Z,7
140,2018-10-23T19:00:00Z,9
141,2018-10-23T19:00:00Z,10
142,2018-10-23T19:00:00Z,8
144,2018-10-23T19:00:00Z,12
145,2018-10-23T19:00:00Z,3
146,2018-10-23T19:00:00Z,20
147,2018-10-23T19:00:00Z,7
148,2018-10-23T19:00:00Z,8
149,2018-10-23T19:00:00Z,8
150,2018-10-23T19:00:00Z,6
1,2018-10-23T18:00:00Z,14
2,2018-10-23T18:00:00Z,5
3,2018-10-23T18:00:00Z,13
4,2018-10-23T18:00:00Z,2
5,2018-10-23T18:00:00Z,12
6,2018-10-23T18:00:00Z,11
7,2018-10-23T18:00:00Z,11
8,2018-10-23T18:00:00Z,21
10,2018-10-23T18:00:00Z,16
11,2018-10-23T18:00:00Z,25
12,2018-10-23T18:00:00Z,27
13,2018-10-23T18:00:00Z,4
14,2018-10-23T18:00:00Z,14
15,2018-10-23T18:00:00Z,9
16,2018-10-23T18:00:00Z,36
17,2018-10-23T18:00:00Z,20
18,2018-10-23T18:00:00Z,12
19,2018-10-23T18:00:00Z,4
20,2018-10-23T18:00:00Z,13
21,2018-10-23T18:00:00Z,29
22,2018-10-23T18:00:00Z,9
23,2018-10-23T18:00:00Z,4
24,2018-10-23T18:00:00Z,23
25,2018-10-23T18:00:00Z,12
26,2018-10-23T18:00:00Z,10
27,2018-10-23T18:00:00Z,1
28,2018-10-23T18:00:00Z,5
29,2018-10-23T18:00:00Z,5
30,2018-10-23T18:00:00Z,5
31,2018-10-23T18:00:00Z,7
32,2018-10-23T18:00:00Z,0
33,2018-10-23T18:00:00Z,4
34,2018-10-23T18:00:00Z,3
36,2018-10-23T18:00:00Z,15
37,2018-10-23T18:00:00Z,15
38,2018-10-23T18:00:00Z,7
39,2018-10-23T18:00:00Z,14
40,2018-10-23T18:00:00Z,14
41,2018-10-23T18:00:00Z,20
42,2018-10-23T18:00:00Z,19
43,2018-10-23T18:00:00Z,11
44,2018-10-23T18:00:00Z,3
45,2018-10-23T18:00:00Z,1
46,2018-10-23T18:00:00Z,2
47,2018-10-23T18:00:00Z,28
48,2018-10-23T18:00:00Z,22
50,2018-10-23T18:00:00Z,10
51,2018-10-23T18:00:00Z,15
52,2018-10-23T18:00:00Z,3
53,2018-10-23T18:00:00Z,9
54,2018-10-23T18:00:00Z,11
55,2018-10-23T18:00:00Z,1
56,2018-10-23T18:00:00Z,4
57,2018-10-23T18:00:00Z,13
58,2018-10-23T18:00:00Z,21
60,2018-10-23T18:00:00Z,15
61,2018-10-23T18:00:00Z,8
62,2018-10-23T18:00:00Z,12
63,2018-10-23T18:00:00Z,11
64,2018-10-23T18:00:00Z,12
65,2018-10-23T18:00:00Z,21
66,2018-10-23T18:00:00Z,9
68,2018-10-23T18:00:00Z,7
69,2018-10-23T18:00:00Z,7
70,2018-10-23T18:00:00Z,12
71,2018-10-23T18:00:00Z,5
72,2018-10-23T18:00:00Z,0
73,2018-10-23T18:00:00Z,7
74,2018-10-23T18:00:00Z,6
75,2018-10-23T18:00:00Z,15
76,2018-10-23T18:00:00Z,37
78,2018-10-23T18:00:00Z,15
79,2018-10-23T18:00:00Z,1
80,2018-10-23T18:00:00Z,0
81,2018-10-23T18:00:00Z,2
82,2018-10-23T18:00:00Z,12
83,2018-10-23T18:00:00Z,12
85,2018-10-23T18:00:00Z,4
86,2018-10-23T18:00:00Z,7
88,2018-10-23T18:00:00Z,2
89,2018-10-23T18:00:00Z,26
91,2018-10-23T18:00:00Z,10
92,2018-10-23T18:00:00Z,6
93,2018-10-23T18:00:00Z,3
94,2018-10-23T18:00:00Z,36
95,2018-10-23T18:00:00Z,12
96,2018-10-23T18:00:00Z,14
98,2018-10-23T18:00:00Z,3
99,2018-10-23T18:00:00Z,5
100,2018-10-23T18:00:00Z,10
101,2018-10-23T18:00:00Z,5
103,2018-10-23T18:00:00Z,5
104,2018-10-23T18:00:00Z,14
105,2018-10-23T18:00:00Z,6
106,2018-10-23T18:00:00Z,0
107,2018-10-23T18:00:00Z,5
108,2018-10-23T18:00:00Z,4
109,2018-10-23T18:00:00Z,9
110,2018-10-23T18:00:00Z,19
111,2018-10-23T18:00:00Z,13
112,2018-10-23T18:00:00Z,3
113,2018-10-23T18:00:00Z,15
114,2018-10-23T18:00:00Z,1
115,2018-10-23T18:00:00Z,12
116,2018-10-23T18:00:00Z,8
117,2018-10-23T18:00:00Z,11
118,2018-10-23T18:00:00Z,12
119,2018-10-23T18:00:00Z,1
120,2018-10-23T18:00:00Z,14
121,2018-10-23T18:00:00Z,14
122,2018-10-23T18:00:00Z,11
123,2018-10-23T18:00:00Z,27
125,2018-10-23T18:00:00Z,14
126,2018-10-23T18:00:00Z,26
127,2018-10-23T18:00:00Z,12
128,2018-10-23T18:00:00Z,11
129,2018-10-23T18:00:00Z,2
130,2018-10-23T18:00:00Z,0
131,2018-10-23T18:00:00Z,6
133,2018-10-23T18:00:00Z,5
134,2018-10-23T18:00:00Z,36
135,2018-10-23T18:00:00Z,5
136,2018-10-23T18:00:00Z,1
137,2018-10-23T18:00:00Z,6
138,2018-10-23T18:00:00Z,13
139,2018-10-23T18:00:00Z,7
140,2018-10-23T18:00:00Z,9
141,2018-10-23T18:00:00Z,12
142,2018-10-23T18:00:00Z,7
144,2018-10-23T18:00:00Z,11
145,2018-10-23T18:00:00Z,4
146,2018-10-23T18:00:00Z,19
147,2018-10-23T18:00:00Z,7
148,2018-10-23T18:00:00Z,6
149,2018-10-23T18:00:00Z,6
150,2018-10-23T18:00:00Z,6
1,2018-10-23T17:00:00Z,12
2,2018-10-23T17:00:00Z,3
3,2018-10-23T17:00:00Z,10
4,2018-10-23T17:00:00Z,0
5,2018-10-23T17:00:00Z,12
6,2018-10-23T17:00:00Z,6
7,2018-10-23T17:00:00Z,11
8,2018-10-23T17:00:00Z,23
10,2018-10-23T17:00:00Z,15
11,2018-10-23T17:00:00Z,24
12,2018-10-23T17:00:00Z,27
13,2018-10-23T17:00:00Z,2
14,2018-10-23T17:00:00Z,14
15,2018-10-23T17:00:00Z,7
16,2018-10-23T17:00:00Z,37
17,2018-10-23T17:00:00Z,20
18,2018-10-23T17:00:00Z,14
19,2018-10-23T17:00:00Z,10
20,2018-10-23T17:00:00Z,17
21,2018-10-23T17:00:00Z,30
22,2018-10-23T17:00:00Z,8
23,2018-10-23T17:00:00Z,7
24,2018-10-23T17:00:00Z,25
25,2018-10-23T17:00:00Z,16
26,2018-10-23T17:00:00Z,3
27,2018-10-23T17:00:00Z,1
28,2018-10-23T17:00:00Z,5
29,2018-10-23T17:00:00Z,5
30,2018-10-23T17:00:00Z,10
31,2018-10-23T17:00:00Z,8
32,2018-10-23T17:00:00Z,0
33,2018-10-23T17:00:00Z,0
34,2018-10-23T17:00:00Z,4
36,2018-10-23T17:00:00Z,9
37,2018-10-23T17:00:00Z,13
38,2018-10-23T17:00:00Z,7
39,2018-10-23T17:00:00Z,13
40,2018-10-23T17:00:00Z,19
41,2018-10-23T17:00:00Z,21
42,2018-10-23T17:00:00Z,19
43,2018-10-23T17:00:00Z,12
44,2018-10-23T17:00:00Z,2
45,2018-10-23T17:00:00Z,3
46,2018-10-23T17:00:00Z,1
47,2018-10-23T17:00:00Z,28
48,2018-10-23T17:00:00Z,33
50,2018-10-23T17:00:00Z,10
51,2018-10-23T17:00:00Z,11
52,2018-10-23T17:00:00Z,4
53,2018-10-23T17:00:00Z,7
54,2018-10-23T17:00:00Z,17
55,2018-10-23T17:00:00Z,0
56,2018-10-23T17:00:00Z,2
57,2018-10-23T17:00:00Z,12
58,2018-10-23T17:00:00Z,19
60,2018-10-23T17:00:00Z,16
61,2018-10-23T17:00:00Z,8
62,2018-10-23T17:00:00Z,11
63,2018-10-23T17:00:00Z,10
64,2018-10-23T17:00:00Z,8
65,2018-10-23T17:00:00Z,21
66,2018-10-23T17:00:00Z,9
68,2018-10-23T17:00:00Z,4
69,2018-10-23T17:00:00Z,12
70,2018-10-23T17:00:00Z,8
71,2018-10-23T17:00:00Z,4
72,2018-10-23T17:00:00Z,0
73,2018-10-23T17:00:00Z,7
74,2018-10-23T17:00:00Z,5
75,2018-10-23T17:00:00Z,13
76,2018-10-23T17:00:00Z,34
78,2018-10-23T17:00:00Z,14
79,2018-10-23T17:00:00Z,2
80,2018-10-23T17:00:00Z,0
81,2018-10-23T17:00:00Z,1
82,2018-10-23T17:00:00Z,10
83,2018-10-23T17:00:00Z,15
85,2018-10-23T17:00:00Z,2
86,2018-10-23T17:00:00Z,6
88,2018-10-23T17:00:00Z,1
89,2018-10-23T17:00:00Z,26
91,2018-10-23T17:00:00Z,10
92,2018-10-23T17:00:00Z,5
93,2018-10-23T17:00:00Z,3
94,2018-10-23T17:00:00Z,34
95,2018-10-23T17:00:00Z,12
96,2018-10-23T17:00:00Z,10
98,2018-10-23T17:00:00Z,3
99,2018-10-23T17:00:00Z,5
100,2018-10-23T17:00:00Z,10
101,2018-10-23T17:00:00Z,5
103,2018-10-23T17:00:00Z,3
104,2018-10-23T17:00:00Z,15
105,2018-10-23T17:00:00Z,6
106,2018-10-23T17:00:00Z,1
107,2018-10-23T17:00:00Z,3
108,2018-10-23T17:00:00Z,3
109,2018-10-23T17:00:00Z,1
110,2018-10-23T17:00:00Z,19
111,2018-10-23T17:00:00Z,13
112,2018-10-23T17:00:00Z,4
113,2018-10-23T17:00:00Z,14
114,2018-10-23T17:00:00Z,2
115,2018-10-23T17:00:00Z,9
116,2018-10-23T17:00:00Z,5
117,2018-10-23T17:00:00Z,9
118,2018-10-23T17:00:00Z,11
119,2018-10-23T17:00:00Z,2
120,2018-10-23T17:00:00Z,13
121,2018-10-23T17:00:00Z,14
122,2018-10-23T17:00:00Z,11
123,2018-10-23T17:00:00Z,27
125,2018-10-23T17:00:00Z,13
126,2018-10-23T17:00:00Z,24
127,2018-10-23T17:00:00Z,12
128,2018-10-23T17:00:00Z,15
129,2018-10-23T17:00:00Z,2
130,2018-10-23T17:00:00Z,1
131,2018-10-23T17:00:00Z,7
133,2018-10-23T17:00:00Z,3
134,2018-10-23T17:00:00Z,36
135,2018-10-23T17:00:00Z,4
136,2018-10-23T17:00:00Z,1
137,2018-10-23T17:00:00Z,7
138,2018-10-23T17:00:00Z,13
139,2018-10-23T17:00:00Z,7
140,2018-10-23T17:00:00Z,10
141,2018-10-23T17:00:00Z,11
142,2018-10-23T17:00:00Z,10
144,2018-10-23T17:00:00Z,16
145,2018-10-23T17:00:00Z,4
146,2018-10-23T17:00:00Z,21
147,2018-10-23T17:00:00Z,9
148,2018-10-23T17:00:00Z,3
149,2018-10-23T17:00:00Z,4
150,2018-10-23T17:00:00Z,7
1,2018-10-23T16:00:00Z,10
2,2018-10-23T16:00:00Z,1
3,2018-10-23T16:00:00Z,11
4,2018-10-23T16:00:00Z,3
5,2018-10-23T16:00:00Z,6
6,2018-10-23T16:00:00Z,2
7,2018-10-23T16:00:00Z,10
8,2018-10-23T16:00:00Z,24
10,2018-10-23T16:00:00Z,17
11,2018-10-23T16:00:00Z,24
12,2018-10-23T16:00:00Z,24
13,2018-10-23T16:00:00Z,2
14,2018-10-23T16:00:00Z,13
15,2018-10-23T16:00:00Z,4
16,2018-10-23T16:00:00Z,34
17,2018-10-23T16:00:00Z,24
18,2018-10-23T16:00:00Z,23
19,2018-10-23T16:00:00Z,13
20,2018-10-23T16:00:00Z,16
21,2018-10-23T16:00:00Z,22
22,2018-10-23T16:00:00Z,19
23,2018-10-23T16:00:00Z,7
24,2018-10-23T16:00:00Z,24
25,2018-10-23T16:00:00Z,15
26,2018-10-23T16:00:00Z,3
27,2018-10-23T16:00:00Z,1
28,2018-10-23T16:00:00Z,3
29,2018-10-23T16:00:00Z,5
30,2018-10-23T16:00:00Z,10
31,2018-10-23T16:00:00Z,4
32,2018-10-23T16:00:00Z,0
33,2018-10-23T16:00:00Z,1
34,2018-10-23T16:00:00Z,5
36,2018-10-23T16:00:00Z,7
37,2018-10-23T16:00:00Z,12
38,2018-10-23T16:00:00Z,2
39,2018-10-23T16:00:00Z,12
40,2018-10-23T16:00:00Z,20
41,2018-10-23T16:00:00Z,34
42,2018-10-23T16:00:00Z,17
43,2018-10-23T16:00:00Z,13
44,2018-10-23T16:00:00Z,1
45,2018-10-23T16:00:00Z,4
46,2018-10-23T16:00:00Z,0
47,2018-10-23T16:00:00Z,28
48,2018-10-23T16:00:00Z,34
50,2018-10-23T16:00:00Z,11
51,2018-10-23T16:00:00Z,7
52,2018-10-23T16:00:00Z,4
53,2018-10-23T16:00:00Z,6
54,2018-10-23T16:00:00Z,17
55,2018-10-23T16:00:00Z,1
56,2018-10-23T16:00:00Z,2
57,2018-10-23T16:00:00Z,13
58,2018-10-23T16:00:00Z,13
60,2018-10-23T16:00:00Z,13
61,2018-10-23T16:00:00Z,7
62,2018-10-23T16:00:00Z,9
63,2018-10-23T16:00:00Z,8
64,2018-10-23T16:00:00Z,11
65,2018-10-23T16:00:00Z,23
66,2018-10-23T16:00:00Z,9
68,2018-10-23T16:00:00Z,4
69,2018-10-23T16:00:00Z,15
70,2018-10-23T16:00:00Z,5
71,2018-10-23T16:00:00Z,4
72,2018-10-23T16:00:00Z,0
73,2018-10-23T16:00:00Z,8
74,2018-10-23T16:00:00Z,4
75,2018-10-23T16:00:00Z,13
76,2018-10-23T16:00:00Z,32
78,2018-10-23T16:00:00Z,15
79,2018-10-23T16:00:00Z,3
80,2018-10-23T16:00:00Z,0
81,2018-10-23T16:00:00Z,2
82,2018-10-23T16:00:00Z,9
83,2018-10-23T16:00:00Z,18
85,2018-10-23T16:00:00Z,1
86,2018-10-23T16:00:00Z,4
88,2018-10-23T16:00:00Z,1
89,2018-10-23T16:00:00Z,23
91,2018-10-23T16:00:00Z,12
92,2018-10-23T16:00:00Z,5
93,2018-10-23T16:00:00Z,1
94,2018-10-23T16:00:00Z,34
95,2018-10-23T16:00:00Z,11
96,2018-10-23T16:00:00Z,9
98,2018-10-23T16:00:00Z,2
99,2018-10-23T16:00:00Z,4
100,2018-10-23T16:00:00Z,10
101,2018-10-23T16:00:00Z,6
103,2018-10-23T16:00:00Z,2
104,2018-10-23T16:00:00Z,14
105,2018-10-23T16:00:00Z,6
106,2018-10-23T16:00:00Z,1
107,2018-10-23T16:00:00Z,1
108,2018-10-23T16:00:00Z,4
109,2018-10-23T16:00:00Z,2
110,2018-10-23T16:00:00Z,21
111,2018-10-23T16:00:00Z,0
112,2018-10-23T16:00:00Z,7
113,2018-10-23T16:00:00Z,13
114,2018-10-23T16:00:00Z,2
115,2018-10-23T16:00:00Z,9
116,2018-10-23T16:00:00Z,6
117,2018-10-23T16:00:00Z,8
118,2018-10-23T16:00:00Z,7
119,2018-10-23T16:00:00Z,4
120,2018-10-23T16:00:00Z,12
121,2018-10-23T16:00:00Z,15
122,2018-10-23T16:00:00Z,14
123,2018-10-23T16:00:00Z,29
125,2018-10-23T16:00:00Z,14
126,2018-10-23T16:00:00Z,30
127,2018-10-23T16:00:00Z,10
128,2018-10-23T16:00:00Z,14
129,2018-10-23T16:00:00Z,4
130,2018-10-23T16:00:00Z,3
131,2018-10-23T16:00:00Z,0
133,2018-10-23T16:00:00Z,4
134,2018-10-23T16:00:00Z,34
135,2018-10-23T16:00:00Z,4
136,2018-10-23T16:00:00Z,1
137,2018-10-23T16:00:00Z,27
138,2018-10-23T16:00:00Z,14
139,2018-10-23T16:00:00Z,7
140,2018-10-23T16:00:00Z,8
141,2018-10-23T16:00:00Z,9
142,2018-10-23T16:00:00Z,7
144,2018-10-23T16:00:00Z,12
145,2018-10-23T16:00:00Z,4
146,2018-10-23T16:00:00Z,20
147,2018-10-23T16:00:00Z,9
148,2018-10-23T16:00:00Z,5
149,2018-10-23T16:00:00Z,7
150,2018-10-23T16:00:00Z,7
1,2018-10-23T15:00:00Z,10
2,2018-10-23T15:00:00Z,1
3,2018-10-23T15:00:00Z,5
4,2018-10-23T15:00:00Z,3
5,2018-10-23T15:00:00Z,4
6,2018-10-23T15:00:00Z,1
7,2018-10-23T15:00:00Z,5
8,2018-10-23T15:00:00Z,25
10,2018-10-23T15:00:00Z,17
11,2018-10-23T15:00:00Z,24
12,2018-10-23T15:00:00Z,27
13,2018-10-23T15:00:00Z,2
14,2018-10-23T15:00:00Z,11
15,2018-10-23T15:00:00Z,3
16,2018-10-23T15:00:00Z,31
17,2018-10-23T15:00:00Z,23
18,2018-10-23T15:00:00Z,30
19,2018-10-23T15:00:00Z,13
20,2018-10-23T15:00:00Z,17
21,2018-10-23T15:00:00Z,24
22,2018-10-23T15:00:00Z,23
23,2018-10-23T15:00:00Z,7
24,2018-10-23T15:00:00Z,25
25,2018-10-23T15:00:00Z,11
26,2018-10-23T15:00:00Z,2
27,2018-10-23T15:00:00Z,3
28,2018-10-23T15:00:00Z,4
29,2018-10-23T15:00:00Z,12
30,2018-10-23T15:00:00Z,10
31,2018-10-23T15:00:00Z,3
32,2018-10-23T15:00:00Z,0
33,2018-10-23T15:00:00Z,3
34,2018-10-23T15:00:00Z,5
36,2018-10-23T15:00:00Z,12
37,2018-10-23T15:00:00Z,14
38,2018-10-23T15:00:00Z,0
39,2018-10-23T15:00:00Z,9
40,2018-10-23T15:00:00Z,19
41,2018-10-23T15:00:00Z,28
42,2018-10-23T15:00:00Z,18
43,2018-10-23T15:00:00Z,14
44,2018-10-23T15:00:00Z,1
45,2018-10-23T15:00:00Z,3
46,2018-10-23T15:00:00Z,5
47,2018-10-23T15:00:00Z,31
48,2018-10-23T15:00:00Z,34
50,2018-10-23T15:00:00Z,8
51,2018-10-23T15:00:00Z,6
52,2018-10-23T15:00:00Z,6
53,2018-10-23T15:00:00Z,8
54,2018-10-23T15:00:00Z,19
55,2018-10-23T15:00:00Z,1
56,2018-10-23T15:00:00Z,2
57,2018-10-23T15:00:00Z,14
58,2018-10-23T15:00:00Z,11
60,2018-10-23T15:00:00Z,14
61,2018-10-23T15:00:00Z,5
62,2018-10-23T15:00:00Z,9
63,2018-10-23T15:00:00Z,8
64,2018-10-23T15:00:00Z,11
65,2018-10-23T15:00:00Z,24
66,2018-10-23T15:00:00Z,9
68,2018-10-23T15:00:00Z,0
69,2018-10-23T15:00:00Z,6
70,2018-10-23T15:00:00Z,5
71,2018-10-23T15:00:00Z,4
72,2018-10-23T15:00:00Z,0
73,2018-10-23T15:00:00Z,9
74,2018-10-23T15:00:00Z,4
75,2018-10-23T15:00:00Z,8
76,2018-10-23T15:00:00Z,33
78,2018-10-23T15:00:00Z,14
79,2018-10-23T15:00:00Z,2
80,2018-10-23T15:00:00Z,0
81,2018-10-23T15:00:00Z,2
82,2018-10-23T15:00:00Z,7
83,2018-10-23T15:00:00Z,24
85,2018-10-23T15:00:00Z,2
86,2018-10-23T15:00:00Z,3
88,2018-10-23T15:00:00Z,3
89,2018-10-23T15:00:00Z,22
91,2018-10-23T15:00:00Z,12
92,2018-10-23T15:00:00Z,5
93,2018-10-23T15:00:00Z,1
94,2018-10-23T15:00:00Z,36
95,2018-10-23T15:00:00Z,11
96,2018-10-23T15:00:00Z,7
98,2018-10-23T15:00:00Z,4
99,2018-10-23T15:00:00Z,4
100,2018-10-23T15:00:00Z,9
101,2018-10-23T15:00:00Z,3
103,2018-10-23T15:00:00Z,2
104,2018-10-23T15:00:00Z,13
105,2018-10-23T15:00:00Z,5
106,2018-10-23T15:00:00Z,1
107,2018-10-23T15:00:00Z,4
108,2018-10-23T15:00:00Z,4
109,2018-10-23T15:00:00Z,1
110,2018-10-23T15:00:00Z,21
111,2018-10-23T15:00:00Z,1
112,2018-10-23T15:00:00Z,9
113,2018-10-23T15:00:00Z,17
114,2018-10-23T15:00:00Z,0
115,2018-10-23T15:00:00Z,8
116,2018-10-23T15:00:00Z,5
117,2018-10-23T15:00:00Z,5
118,2018-10-23T15:00:00Z,2
119,2018-10-23T15:00:00Z,2
120,2018-10-23T15:00:00Z,1
121,2018-10-23T15:00:00Z,17
122,2018-10-23T15:00:00Z,14
123,2018-10-23T15:00:00Z,26
125,2018-10-23T15:00:00Z,25
126,2018-10-23T15:00:00Z,26
127,2018-10-23T15:00:00Z,10
128,2018-10-23T15:00:00Z,15
129,2018-10-23T15:00:00Z,3
130,2018-10-23T15:00:00Z,1
131,2018-10-23T15:00:00Z,2
133,2018-10-23T15:00:00Z,4
134,2018-10-23T15:00:00Z,34
135,2018-10-23T15:00:00Z,5
136,2018-10-23T15:00:00Z,0
137,2018-10-23T15:00:00Z,27
138,2018-10-23T15:00:00Z,16
139,2018-10-23T15:00:00Z,9
140,2018-10-23T15:00:00Z,8
141,2018-10-23T15:00:00Z,6
142,2018-10-23T15:00:00Z,6
144,2018-10-23T15:00:00Z,13
145,2018-10-23T15:00:00Z,4
146,2018-10-23T15:00:00Z,18
147,2018-10-23T15:00:00Z,9
148,2018-10-23T15:00:00Z,4
149,2018-10-23T15:00:00Z,5
150,2018-10-23T15:00:00Z,6
1,2018-10-23T14:00:00Z,12
2,2018-10-23T14:00:00Z,1
3,2018-10-23T14:00:00Z,5
4,2018-10-23T14:00:00Z,2
5,2018-10-23T14:00:00Z,7
6,2018-10-23T14:00:00Z,3
7,2018-10-23T14:00:00Z,5
8,2018-10-23T14:00:00Z,24
10,2018-10-23T14:00:00Z,21
11,2018-10-23T14:00:00Z,28
12,2018-10-23T14:00:00Z,29
13,2018-10-23T14:00:00Z,2
14,2018-10-23T14:00:00Z,12
15,2018-10-23T14:00:00Z,2
16,2018-10-23T14:00:00Z,30
17,2018-10-23T14:00:00Z,21
18,2018-10-23T14:00:00Z,32
19,2018-10-23T14:00:00Z,15
20,2018-10-23T14:00:00Z,30
21,2018-10-23T14:00:00Z,19
22,2018-10-23T14:00:00Z,21
23,2018-10-23T14:00:00Z,2
24,2018-10-23T14:00:00Z,23
25,2018-10-23T14:00:00Z,11
26,2018-10-23T14:00:00Z,2
27,2018-10-23T14:00:00Z,3
28,2018-10-23T14:00:00Z,3
29,2018-10-23T14:00:00Z,12
30,2018-10-23T14:00:00Z,10
31,2018-10-23T14:00:00Z,3
32,2018-10-23T14:00:00Z,0
33,2018-10-23T14:00:00Z,3
34,2018-10-23T14:00:00Z,1
36,2018-10-23T14:00:00Z,10
37,2018-10-23T14:00:00Z,18
38,2018-10-23T14:00:00Z,1
39,2018-10-23T14:00:00Z,4
40,2018-10-23T14:00:00Z,20
41,2018-10-23T14:00:00Z,27
42,2018-10-23T14:00:00Z,17
43,2018-10-23T14:00:00Z,15
44,2018-10-23T14:00:00Z,1
45,2018-10-23T14:00:00Z,3
46,2018-10-23T14:00:00Z,8
47,2018-10-23T14:00:00Z,32
48,2018-10-23T14:00:00Z,36
50,2018-10-23T14:00:00Z,5
51,2018-10-23T14:00:00Z,4
52,2018-10-23T14:00:00Z,6
53,2018-10-23T14:00:00Z,9
54,2018-10-23T14:00:00Z,23
55,2018-10-23T14:00:00Z,0
56,2018-10-23T14:00:00Z,2
57,2018-10-23T14:00:00Z,17
58,2018-10-23T14:00:00Z,4
60,2018-10-23T14:00:00Z,15
61,2018-10-23T14:00:00Z,8
62,2018-10-23T14:00:00Z,9
63,2018-10-23T14:00:00Z,4
64,2018-10-23T14:00:00Z,14
65,2018-10-23T14:00:00Z,25
66,2018-10-23T14:00:00Z,9
68,2018-10-23T14:00:00Z,4
69,2018-10-23T14:00:00Z,1
70,2018-10-23T14:00:00Z,6
71,2018-10-23T14:00:00Z,4
72,2018-10-23T14:00:00Z,0
73,2018-10-23T14:00:00Z,10
74,2018-10-23T14:00:00Z,5
75,2018-10-23T14:00:00Z,3
76,2018-10-23T14:00:00Z,32
78,2018-10-23T14:00:00Z,13
79,2018-10-23T14:00:00Z,1
80,2018-10-23T14:00:00Z,0
81,2018-10-23T14:00:00Z,2
82,2018-10-23T14:00:00Z,6
83,2018-10-23T14:00:00Z,23
85,2018-10-23T14:00:00Z,4
86,2018-10-23T14:00:00Z,3
88,2018-10-23T14:00:00Z,4
89,2018-10-23T14:00:00Z,22
91,2018-10-23T14:00:00Z,10
92,2018-10-23T14:00:00Z,6
93,2018-10-23T14:00:00Z,1
94,2018-10-23T14:00:00Z,36
95,2018-10-23T14:00:00Z,10
96,2018-10-23T14:00:00Z,6
98,2018-10-23T14:00:00Z,0
99,2018-10-23T14:00:00Z,4
100,2018-10-23T14:00:00Z,9
101,2018-10-23T14:00:00Z,3
103,2018-10-23T14:00:00Z,0
104,2018-10-23T14:00:00Z,11
105,2018-10-23T14:00:00Z,2
106,2018-10-23T14:00:00Z,0
107,2018-10-23T14:00:00Z,6
108,2018-10-23T14:00:00Z,3
109,2018-10-23T14:00:00Z,2
110,2018-10-23T14:00:00Z,22
111,2018-10-23T14:00:00Z,1
112,2018-10-23T14:00:00Z,10
113,2018-10-23T14:00:00Z,20
114,2018-10-23T14:00:00Z,0
115,2018-10-23T14:00:00Z,1
116,2018-10-23T14:00:00Z,3
117,2018-10-23T14:00:00Z,3
118,2018-10-23T14:00:00Z,1
119,2018-10-23T14:00:00Z,3
120,2018-10-23T14:00:00Z,5
121,2018-10-23T14:00:00Z,18
122,2018-10-23T14:00:00Z,16
123,2018-10-23T14:00:00Z,27
125,2018-10-23T14:00:00Z,22
126,2018-10-23T14:00:00Z,21
127,2018-10-23T14:00:00Z,24
128,2018-10-23T14:00:00Z,11
129,2018-10-23T14:00:00Z,2
130,2018-10-23T14:00:00Z,4
131,2018-10-23T14:00:00Z,7
133,2018-10-23T14:00:00Z,7
134,2018-10-23T14:00:00Z,35
135,2018-10-23T14:00:00Z,6
136,2018-10-23T14:00:00Z,1
137,2018-10-23T14:00:00Z,29
138,2018-10-23T14:00:00Z,15
139,2018-10-23T14:00:00Z,5
140,2018-10-23T14:00:00Z,5
141,2018-10-23T14:00:00Z,5
142,2018-10-23T14:00:00Z,8
144,2018-10-23T14:00:00Z,10
145,2018-10-23T14:00:00Z,6
146,2018-10-23T14:00:00Z,19
147,2018-10-23T14:00:00Z,9
148,2018-10-23T14:00:00Z,5
149,2018-10-23T14:00:00Z,5
150,2018-10-23T14:00:00Z,5
1,2018-10-23T13:00:00Z,11
2,2018-10-23T13:00:00Z,1
3,2018-10-23T13:00:00Z,4
4,2018-10-23T13:00:00Z,0
5,2018-10-23T13:00:00Z,12
6,2018-10-23T13:00:00Z,2
7,2018-10-23T13:00:00Z,1
8,2018-10-23T13:00:00Z,31
10,2018-10-23T13:00:00Z,29
11,2018-10-23T13:00:00Z,30
12,2018-10-23T13:00:00Z,31
13,2018-10-23T13:00:00Z,1
14,2018-10-23T13:00:00Z,14
15,2018-10-23T13:00:00Z,5
16,2018-10-23T13:00:00Z,21
17,2018-10-23T13:00:00Z,24
18,2018-10-23T13:00:00Z,34
19,2018-10-23T13:00:00Z,13
20,2018-10-23T13:00:00Z,22
21,2018-10-23T13:00:00Z,15
22,2018-10-23T13:00:00Z,24
23,2018-10-23T13:00:00Z,3
24,2018-10-23T13:00:00Z,25
25,2018-10-23T13:00:00Z,9
26,2018-10-23T13:00:00Z,3
27,2018-10-23T13:00:00Z,5
28,2018-10-23T13:00:00Z,3
29,2018-10-23T13:00:00Z,12
30,2018-10-23T13:00:00Z,13
31,2018-10-23T13:00:00Z,0
32,2018-10-23T13:00:00Z,0
33,2018-10-23T13:00:00Z,1
34,2018-10-23T13:00:00Z,2
36,2018-10-23T13:00:00Z,4
37,2018-10-23T13:00:00Z,19
38,2018-10-23T13:00:00Z,0
39,2018-10-23T13:00:00Z,3
40,2018-10-23T13:00:00Z,21
41,2018-10-23T13:00:00Z,23
42,2018-10-23T13:00:00Z,16
43,2018-10-23T13:00:00Z,15
44,2018-10-23T13:00:00Z,4
45,2018-10-23T13:00:00Z,0
46,2018-10-23T13:00:00Z,2
47,2018-10-23T13:00:00Z,34
48,2018-10-23T13:00:00Z,36
50,2018-10-23T13:00:00Z,4
51,2018-10-23T13:00:00Z,4
52,2018-10-23T13:00:00Z,2
53,2018-10-23T13:00:00Z,8
54,2018-10-23T13:00:00Z,24
55,2018-10-23T13:00:00Z,1
56,2018-10-23T13:00:00Z,3
57,2018-10-23T13:00:00Z,13
58,2018-10-23T13:00:00Z,3
60,2018-10-23T13:00:00Z,18
61,2018-10-23T13:00:00Z,4
62,2018-10-23T13:00:00Z,4
63,2018-10-23T13:00:00Z,2
64,2018-10-23T13:00:00Z,13
65,2018-10-23T13:00:00Z,23
66,2018-10-23T13:00:00Z,9
68,2018-10-23T13:00:00Z,3
69,2018-10-23T13:00:00Z,7
70,2018-10-23T13:00:00Z,3
71,2018-10-23T13:00:00Z,4
72,2018-10-23T13:00:00Z,0
73,2018-10-23T13:00:00Z,12
74,2018-10-23T13:00:00Z,7
75,2018-10-23T13:00:00Z,6
76,2018-10-23T13:00:00Z,31
78,2018-10-23T13:00:00Z,15
79,2018-10-23T13:00:00Z,1
80,2018-10-23T13:00:00Z,0
81,2018-10-23T13:00:00Z,7
82,2018-10-23T13:00:00Z,7
83,2018-10-23T13:00:00Z,26
85,2018-10-23T13:00:00Z,1
86,2018-10-23T13:00:00Z,0
88,2018-10-23T13:00:00Z,6
89,2018-10-23T13:00:00Z,21
91,2018-10-23T13:00:00Z,10
92,2018-10-23T13:00:00Z,6
93,2018-10-23T13:00:00Z,1
94,2018-10-23T13:00:00Z,35
95,2018-10-23T13:00:00Z,12
96,2018-10-23T13:00:00Z,5
98,2018-10-23T13:00:00Z,0
99,2018-10-23T13:00:00Z,2
100,2018-10-23T13:00:00Z,9
101,2018-10-23T13:00:00Z,4
103,2018-10-23T13:00:00Z,0
104,2018-10-23T13:00:00Z,14
105,2018-10-23T13:00:00Z,2
106,2018-10-23T13:00:00Z,3
107,2018-10-23T13:00:00Z,3
108,2018-10-23T13:00:00Z,6
109,2018-10-23T13:00:00Z,3
110,2018-10-23T13:00:00Z,22
111,2018-10-23T13:00:00Z,2
112,2018-10-23T13:00:00Z,6
113,2018-10-23T13:00:00Z,1
114,2018-10-23T13:00:00Z,2
115,2018-10-23T13:00:00Z,5
116,2018-10-23T13:00:00Z,3
117,2018-10-23T13:00:00Z,1
118,2018-10-23T13:00:00Z,1
119,2018-10-23T13:00:00Z,5
120,2018-10-23T13:00:00Z,9
121,2018-10-23T13:00:00Z,24
122,2018-10-23T13:00:00Z,19
123,2018-10-23T13:00:00Z,25
125,2018-10-23T13:00:00Z,20
126,2018-10-23T13:00:00Z,25
127,2018-10-23T13:00:00Z,24
128,2018-10-23T13:00:00Z,0
129,2018-10-23T13:00:00Z,1
130,2018-10-23T13:00:00Z,13
131,2018-10-23T13:00:00Z,12
133,2018-10-23T13:00:00Z,5
134,2018-10-23T13:00:00Z,34
135,2018-10-23T13:00:00Z,7
136,2018-10-23T13:00:00Z,3
137,2018-10-23T13:00:00Z,30
138,2018-10-23T13:00:00Z,15
139,2018-10-23T13:00:00Z,6
140,2018-10-23T13:00:00Z,4
141,2018-10-23T13:00:00Z,0
142,2018-10-23T13:00:00Z,5
144,2018-10-23T13:00:00Z,9
145,2018-10-23T13:00:00Z,0
146,2018-10-23T13:00:00Z,20
147,2018-10-23T13:00:00Z,10
148,2018-10-23T13:00:00Z,4
149,2018-10-23T13:00:00Z,5
150,2018-10-23T13:00:00Z,7
1,2018-10-23T12:00:00Z,11
2,2018-10-23T12:00:00Z,3
3,2018-10-23T12:00:00Z,3
4,2018-10-23T12:00:00Z,0
5,2018-10-23T12:00:00Z,11
6,2018-10-23T12:00:00Z,2
7,2018-10-23T12:00:00Z,2
8,2018-10-23T12:00:00Z,30
10,2018-10-23T12:00:00Z,33
11,2018-10-23T12:00:00Z,32
12,2018-10-23T12:00:00Z,35
13,2018-10-23T12:00:00Z,14
14,2018-10-23T12:00:00Z,17
15,2018-10-23T12:00:00Z,6
16,2018-10-23T12:00:00Z,18
17,2018-10-23T12:00:00Z,22
18,2018-10-23T12:00:00Z,36
19,2018-10-23T12:00:00Z,8
20,2018-10-23T12:00:00Z,16
21,2018-10-23T12:00:00Z,7
22,2018-10-23T12:00:00Z,18
23,2018-10-23T12:00:00Z,7
24,2018-10-23T12:00:00Z,28
25,2018-10-23T12:00:00Z,10
26,2018-10-23T12:00:00Z,3
27,2018-10-23T12:00:00Z,3
28,2018-10-23T12:00:00Z,2
29,2018-10-23T12:00:00Z,16
30,2018-10-23T12:00:00Z,11
31,2018-10-23T12:00:00Z,0
32,2018-10-23T12:00:00Z,0
33,2018-10-23T12:00:00Z,0
34,2018-10-23T12:00:00Z,1
36,2018-10-23T12:00:00Z,2
37,2018-10-23T12:00:00Z,16
38,2018-10-23T12:00:00Z,1
39,2018-10-23T12:00:00Z,4
40,2018-10-23T12:00:00Z,19
41,2018-10-23T12:00:00Z,22
42,2018-10-23T12:00:00Z,15
43,2018-10-23T12:00:00Z,0
44,2018-10-23T12:00:00Z,4
45,2018-10-23T12:00:00Z,0
46,2018-10-23T12:00:00Z,1
47,2018-10-23T12:00:00Z,36
48,2018-10-23T12:00:00Z,37
50,2018-10-23T12:00:00Z,4
51,2018-10-23T12:00:00Z,2
52,2018-10-23T12:00:00Z,6
53,2018-10-23T12:00:00Z,9
54,2018-10-23T12:00:00Z,26
55,2018-10-23T12:00:00Z,0
56,2018-10-23T12:00:00Z,2
57,2018-10-23T12:00:00Z,12
58,2018-10-23T12:00:00Z,3
60,2018-10-23T12:00:00Z,21
61,2018-10-23T12:00:00Z,4
62,2018-10-23T12:00:00Z,4
63,2018-10-23T12:00:00Z,0
64,2018-10-23T12:00:00Z,13
65,2018-10-23T12:00:00Z,24
66,2018-10-23T12:00:00Z,8
68,2018-10-23T12:00:00Z,4
69,2018-10-23T12:00:00Z,8
70,2018-10-23T12:00:00Z,3
71,2018-10-23T12:00:00Z,6
72,2018-10-23T12:00:00Z,0
73,2018-10-23T12:00:00Z,12
74,2018-10-23T12:00:00Z,3
75,2018-10-23T12:00:00Z,11
76,2018-10-23T12:00:00Z,33
78,2018-10-23T12:00:00Z,17
79,2018-10-23T12:00:00Z,1
80,2018-10-23T12:00:00Z,0
81,2018-10-23T12:00:00Z,7
82,2018-10-23T12:00:00Z,5
83,2018-10-23T12:00:00Z,32
85,2018-10-23T12:00:00Z,1
86,2018-10-23T12:00:00Z,0
88,2018-10-23T12:00:00Z,4
89,2018-10-23T12:00:00Z,18
91,2018-10-23T12:00:00Z,10
92,2018-10-23T12:00:00Z,5
93,2018-10-23T12:00:00Z,1
94,2018-10-23T12:00:00Z,35
95,2018-10-23T12:00:00Z,12
96,2018-10-23T12:00:00Z,4
98,2018-10-23T12:00:00Z,0
99,2018-10-23T12:00:00Z,2
100,2018-10-23T12:00:00Z,9
101,2018-10-23T12:00:00Z,1
103,2018-10-23T12:00:00Z,2
104,2018-10-23T12:00:00Z,14
105,2018-10-23T12:00:00Z,4
106,2018-10-23T12:00:00Z,7
107,2018-10-23T12:00:00Z,1
108,2018-10-23T12:00:00Z,6
109,2018-10-23T12:00:00Z,4
110,2018-10-23T12:00:00Z,20
111,2018-10-23T12:00:00Z,1
112,2018-10-23T12:00:00Z,2
113,2018-10-23T12:00:00Z,2
114,2018-10-23T12:00:00Z,6
115,2018-10-23T12:00:00Z,3
116,2018-10-23T12:00:00Z,4
117,2018-10-23T12:00:00Z,1
118,2018-10-23T12:00:00Z,0
119,2018-10-23T12:00:00Z,10
120,2018-10-23T12:00:00Z,8
121,2018-10-23T12:00:00Z,27
122,2018-10-23T12:00:00Z,21
123,2018-10-23T12:00:00Z,23
125,2018-10-23T12:00:00Z,18
126,2018-10-23T12:00:00Z,27
127,2018-10-23T12:00:00Z,23
128,2018-10-23T12:00:00Z,0
129,2018-10-23T12:00:00Z,1
130,2018-10-23T12:00:00Z,12
131,2018-10-23T12:00:00Z,16
133,2018-10-23T12:00:00Z,3
134,2018-10-23T12:00:00Z,32
135,2018-10-23T12:00:00Z,9
136,2018-10-23T12:00:00Z,3
137,2018-10-23T12:00:00Z,29
138,2018-10-23T12:00:00Z,14
139,2018-10-23T12:00:00Z,6
140,2018-10-23T12:00:00Z,4
141,2018-10-23T12:00:00Z,2
142,2018-10-23T12:00:00Z,5
144,2018-10-23T12:00:00Z,9
145,2018-10-23T12:00:00Z,0
146,2018-10-23T12:00:00Z,19
147,2018-10-23T12:00:00Z,11
148,2018-10-23T12:00:00Z,2
149,2018-10-23T12:00:00Z,4
150,2018-10-23T12:00:00Z,8
1,2018-10-23T11:00:00Z,11
2,2018-10-23T11:00:00Z,4
3,2018-10-23T11:00:00Z,2
4,2018-10-23T11:00:00Z,0
5,2018-10-23T11:00:00Z,10
6,2018-10-23T11:00:00Z,3
7,2018-10-23T11:00:00Z,2
8,2018-10-23T11:00:00Z,29
10,2018-10-23T11:00:00Z,36
11,2018-10-23T11:00:00Z,32
12,2018-10-23T11:00:00Z,33
13,2018-10-23T11:00:00Z,11
14,2018-10-23T11:00:00Z,19
15,2018-10-23T11:00:00Z,4
16,2018-10-23T11:00:00Z,19
17,2018-10-23T11:00:00Z,24
18,2018-10-23T11:00:00Z,32
19,2018-10-23T11:00:00Z,26
20,2018-10-23T11:00:00Z,16
21,2018-10-23T11:00:00Z,7
22,2018-10-23T11:00:00Z,19
23,2018-10-23T11:00:00Z,8
24,2018-10-23T11:00:00Z,29
25,2018-10-23T11:00:00Z,7
26,2018-10-23T11:00:00Z,2
27,2018-10-23T11:00:00Z,2
28,2018-10-23T11:00:00Z,2
29,2018-10-23T11:00:00Z,15
30,2018-10-23T11:00:00Z,10
31,2018-10-23T11:00:00Z,4
32,2018-10-23T11:00:00Z,0
33,2018-10-23T11:00:00Z,4
34,2018-10-23T11:00:00Z,5
36,2018-10-23T11:00:00Z,3
37,2018-10-23T11:00:00Z,15
38,2018-10-23T11:00:00Z,0
39,2018-10-23T11:00:00Z,6
40,2018-10-23T11:00:00Z,24
41,2018-10-23T11:00:00Z,20
42,2018-10-23T11:00:00Z,12
43,2018-10-23T11:00:00Z,0
44,2018-10-23T11:00:00Z,5
45,2018-10-23T11:00:00Z,1
46,2018-10-23T11:00:00Z,1
47,2018-10-23T11:00:00Z,36
48,2018-10-23T11:00:00Z,37
50,2018-10-23T11:00:00Z,3
51,2018-10-23T11:00:00Z,0
52,2018-10-23T11:00:00Z,8
53,2018-10-23T11:00:00Z,8
54,2018-10-23T11:00:00Z,28
55,2018-10-23T11:00:00Z,1
56,2018-10-23T11:00:00Z,2
57,2018-10-23T11:00:00Z,11
58,2018-10-23T11:00:00Z,3
60,2018-10-23T11:00:00Z,23
61,2018-10-23T11:00:00Z,0
62,2018-10-23T11:00:00Z,6
63,2018-10-23T11:00:00Z,2
64,2018-10-23T11:00:00Z,16
65,2018-10-23T11:00:00Z,25
66,2018-10-23T11:00:00Z,8
68,2018-10-23T11:00:00Z,1
69,2018-10-23T11:00:00Z,7
70,2018-10-23T11:00:00Z,4
71,2018-10-23T11:00:00Z,7
72,2018-10-23T11:00:00Z,0
73,2018-10-23T11:00:00Z,11
74,2018-10-23T11:00:00Z,0
75,2018-10-23T11:00:00Z,13
76,2018-10-23T11:00:00Z,33
78,2018-10-23T11:00:00Z,18
79,2018-10-23T11:00:00Z,1
80,2018-10-23T11:00:00Z,0
81,2018-10-23T11:00:00Z,7
82,2018-10-23T11:00:00Z,8
83,2018-10-23T11:00:00Z,36
85,2018-10-23T11:00:00Z,2
86,2018-10-23T11:00:00Z,0
88,2018-10-23T11:00:00Z,4
89,2018-10-23T11:00:00Z,16
91,2018-10-23T11:00:00Z,10
92,2018-10-23T11:00:00Z,5
93,2018-10-23T11:00:00Z,1
94,2018-10-23T11:00:00Z,35
95,2018-10-23T11:00:00Z,20
96,2018-10-23T11:00:00Z,3
98,2018-10-23T11:00:00Z,0
99,2018-10-23T11:00:00Z,2
100,2018-10-23T11:00:00Z,9
101,2018-10-23T11:00:00Z,2
103,2018-10-23T11:00:00Z,1
104,2018-10-23T11:00:00Z,14
105,2018-10-23T11:00:00Z,4
106,2018-10-23T11:00:00Z,10
107,2018-10-23T11:00:00Z,1
108,2018-10-23T11:00:00Z,6
109,2018-10-23T11:00:00Z,3
110,2018-10-23T11:00:00Z,19
111,2018-10-23T11:00:00Z,2
112,2018-10-23T11:00:00Z,3
113,2018-10-23T11:00:00Z,3
114,2018-10-23T11:00:00Z,8
115,2018-10-23T11:00:00Z,2
116,2018-10-23T11:00:00Z,3
117,2018-10-23T11:00:00Z,1
118,2018-10-23T11:00:00Z,2
119,2018-10-23T11:00:00Z,10
120,2018-10-23T11:00:00Z,9
121,2018-10-23T11:00:00Z,28
122,2018-10-23T11:00:00Z,21
123,2018-10-23T11:00:00Z,25
125,2018-10-23T11:00:00Z,17
126,2018-10-23T11:00:00Z,27
127,2018-10-23T11:00:00Z,21
128,2018-10-23T11:00:00Z,0
129,2018-10-23T11:00:00Z,1
130,2018-10-23T11:00:00Z,14
131,2018-10-23T11:00:00Z,19
133,2018-10-23T11:00:00Z,2
134,2018-10-23T11:00:00Z,34
135,2018-10-23T11:00:00Z,8
136,2018-10-23T11:00:00Z,2
137,2018-10-23T11:00:00Z,29
138,2018-10-23T11:00:00Z,13
139,2018-10-23T11:00:00Z,7
140,2018-10-23T11:00:00Z,4
141,2018-10-23T11:00:00Z,1
142,2018-10-23T11:00:00Z,7
144,2018-10-23T11:00:00Z,8
145,2018-10-23T11:00:00Z,0
146,2018-10-23T11:00:00Z,19
147,2018-10-23T11:00:00Z,11
148,2018-10-23T11:00:00Z,3
149,2018-10-23T11:00:00Z,2
150,2018-10-23T11:00:00Z,9
1,2018-10-23T10:00:00Z,10
2,2018-10-23T10:00:00Z,3
3,2018-10-23T10:00:00Z,0
4,2018-10-23T10:00:00Z,1
5,2018-10-23T10:00:00Z,8
6,2018-10-23T10:00:00Z,8
7,2018-10-23T10:00:00Z,2
8,2018-10-23T10:00:00Z,30
10,2018-10-23T10:00:00Z,37
11,2018-10-23T10:00:00Z,32
12,2018-10-23T10:00:00Z,36
13,2018-10-23T10:00:00Z,11
14,2018-10-23T10:00:00Z,17
15,2018-10-23T10:00:00Z,5
16,2018-10-23T10:00:00Z,22
17,2018-10-23T10:00:00Z,21
18,2018-10-23T10:00:00Z,31
19,2018-10-23T10:00:00Z,24
20,2018-10-23T10:00:00Z,18
21,2018-10-23T10:00:00Z,3
22,2018-10-23T10:00:00Z,20
23,2018-10-23T10:00:00Z,9
24,2018-10-23T10:00:00Z,29
25,2018-10-23T10:00:00Z,6
26,2018-10-23T10:00:00Z,4
27,2018-10-23T10:00:00Z,5
28,2018-10-23T10:00:00Z,2
29,2018-10-23T10:00:00Z,1
30,2018-10-23T10:00:00Z,11
31,2018-10-23T10:00:00Z,1
32,2018-10-23T10:00:00Z,0
33,2018-10-23T10:00:00Z,6
34,2018-10-23T10:00:00Z,4
36,2018-10-23T10:00:00Z,2
37,2018-10-23T10:00:00Z,14
38,2018-10-23T10:00:00Z,0
39,2018-10-23T10:00:00Z,6
40,2018-10-23T10:00:00Z,24
41,2018-10-23T10:00:00Z,22
42,2018-10-23T10:00:00Z,12
43,2018-10-23T10:00:00Z,0
44,2018-10-23T10:00:00Z,1
45,2018-10-23T10:00:00Z,0
46,2018-10-23T10:00:00Z,2
47,2018-10-23T10:00:00Z,36
48,2018-10-23T10:00:00Z,35
50,2018-10-23T10:00:00Z,4
51,2018-10-23T10:00:00Z,1
52,2018-10-23T10:00:00Z,7
53,2018-10-23T10:00:00Z,8
54,2018-10-23T10:00:00Z,26
55,2018-10-23T10:00:00Z,1
56,2018-10-23T10:00:00Z,2
57,2018-10-23T10:00:00Z,11
58,2018-10-23T10:00:00Z,5
60,2018-10-23T10:00:00Z,23
61,2018-10-23T10:00:00Z,0
62,2018-10-23T10:00:00Z,6
63,2018-10-23T10:00:00Z,0
64,2018-10-23T10:00:00Z,16
65,2018-10-23T10:00:00Z,25
66,2018-10-23T10:00:00Z,8
68,2018-10-23T10:00:00Z,0
69,2018-10-23T10:00:00Z,6
70,2018-10-23T10:00:00Z,3
71,2018-10-23T10:00:00Z,7
72,2018-10-23T10:00:00Z,0
73,2018-10-23T10:00:00Z,11
74,2018-10-23T10:00:00Z,0
75,2018-10-23T10:00:00Z,15
76,2018-10-23T10:00:00Z,32
78,2018-10-23T10:00:00Z,17
79,2018-10-23T10:00:00Z,1
80,2018-10-23T10:00:00Z,0
81,2018-10-23T10:00:00Z,7
82,2018-10-23T10:00:00Z,7
83,2018-10-23T10:00:00Z,39
85,2018-10-23T10:00:00Z,1
86,2018-10-23T10:00:00Z,0
88,2018-10-23T10:00:00Z,4
89,2018-10-23T10:00:00Z,16
91,2018-10-23T10:00:00Z,10
92,2018-10-23T10:00:00Z,5
93,2018-10-23T10:00:00Z,1
94,2018-10-23T10:00:00Z,35
95,2018-10-23T10:00:00Z,20
96,2018-10-23T10:00:00Z,4
98,2018-10-23T10:00:00Z,0
99,2018-10-23T10:00:00Z,2
100,2018-10-23T10:00:00Z,8
101,2018-10-23T10:00:00Z,3
103,2018-10-23T10:00:00Z,1
104,2018-10-23T10:00:00Z,14
105,2018-10-23T10:00:00Z,4
106,2018-10-23T10:00:00Z,9
107,2018-10-23T10:00:00Z,2
108,2018-10-23T10:00:00Z,6
109,2018-10-23T10:00:00Z,2
110,2018-10-23T10:00:00Z,19
111,2018-10-23T10:00:00Z,2
112,2018-10-23T10:00:00Z,4
113,2018-10-23T10:00:00Z,1
114,2018-10-23T10:00:00Z,9
115,2018-10-23T10:00:00Z,1
116,2018-10-23T10:00:00Z,4
117,2018-10-23T10:00:00Z,1
118,2018-10-23T10:00:00Z,2
119,2018-10-23T10:00:00Z,10
120,2018-10-23T10:00:00Z,7
121,2018-10-23T10:00:00Z,27
122,2018-10-23T10:00:00Z,22
123,2018-10-23T10:00:00Z,26
125,2018-10-23T10:00:00Z,17
126,2018-10-23T10:00:00Z,28
127,2018-10-23T10:00:00Z,20
128,2018-10-23T10:00:00Z,0
129,2018-10-23T10:00:00Z,1
130,2018-10-23T10:00:00Z,14
131,2018-10-23T10:00:00Z,17
133,2018-10-23T10:00:00Z,2
134,2018-10-23T10:00:00Z,37
135,2018-10-23T10:00:00Z,7
136,2018-10-23T10:00:00Z,3
137,2018-10-23T10:00:00Z,28
138,2018-10-23T10:00:00Z,13
139,2018-10-23T10:00:00Z,7
140,2018-10-23T10:00:00Z,4
141,2018-10-23T10:00:00Z,3
142,2018-10-23T10:00:00Z,8
144,2018-10-23T10:00:00Z,8
145,2018-10-23T10:00:00Z,0
146,2018-10-23T10:00:00Z,18
147,2018-10-23T10:00:00Z,12
148,2018-10-23T10:00:00Z,4
149,2018-10-23T10:00:00Z,1
150,2018-10-23T10:00:00Z,9
1,2018-10-23T09:00:00Z,9
2,2018-10-23T09:00:00Z,5
3,2018-10-23T09:00:00Z,1
4,2018-10-23T09:00:00Z,1
5,2018-10-23T09:00:00Z,9
6,2018-10-23T09:00:00Z,11
7,2018-10-23T09:00:00Z,2
8,2018-10-23T09:00:00Z,30
10,2018-10-23T09:00:00Z,40
11,2018-10-23T09:00:00Z,26
12,2018-10-23T09:00:00Z,36
13,2018-10-23T09:00:00Z,10
14,2018-10-23T09:00:00Z,20
15,2018-10-23T09:00:00Z,5
16,2018-10-23T09:00:00Z,22
17,2018-10-23T09:00:00Z,18
18,2018-10-23T09:00:00Z,29
19,2018-10-23T09:00:00Z,23
20,2018-10-23T09:00:00Z,18
21,2018-10-23T09:00:00Z,5
22,2018-10-23T09:00:00Z,16
23,2018-10-23T09:00:00Z,10
24,2018-10-23T09:00:00Z,20
25,2018-10-23T09:00:00Z,5
26,2018-10-23T09:00:00Z,2
27,2018-10-23T09:00:00Z,5
28,2018-10-23T09:00:00Z,2
29,2018-10-23T09:00:00Z,0
30,2018-10-23T09:00:00Z,12
31,2018-10-23T09:00:00Z,3
32,2018-10-23T09:00:00Z,0
33,2018-10-23T09:00:00Z,3
34,2018-10-23T09:00:00Z,3
36,2018-10-23T09:00:00Z,2
37,2018-10-23T09:00:00Z,11
38,2018-10-23T09:00:00Z,0
39,2018-10-23T09:00:00Z,5
40,2018-10-23T09:00:00Z,23
41,2018-10-23T09:00:00Z,28
42,2018-10-23T09:00:00Z,12
43,2018-10-23T09:00:00Z,1
44,2018-10-23T09:00:00Z,3
45,2018-10-23T09:00:00Z,0
46,2018-10-23T09:00:00Z,1
47,2018-10-23T09:00:00Z,36
48,2018-10-23T09:00:00Z,34
50,2018-10-23T09:00:00Z,4
51,2018-10-23T09:00:00Z,0
52,2018-10-23T09:00:00Z,7
53,2018-10-23T09:00:00Z,7
54,2018-10-23T09:00:00Z,26
55,2018-10-23T09:00:00Z,1
56,2018-10-23T09:00:00Z,2
57,2018-10-23T09:00:00Z,11
58,2018-10-23T09:00:00Z,3
60,2018-10-23T09:00:00Z,23
61,2018-10-23T09:00:00Z,2
62,2018-10-23T09:00:00Z,6
63,2018-10-23T09:00:00Z,1
64,2018-10-23T09:00:00Z,17
65,2018-10-23T09:00:00Z,26
66,2018-10-23T09:00:00Z,9
68,2018-10-23T09:00:00Z,0
69,2018-10-23T09:00:00Z,10
70,2018-10-23T09:00:00Z,3
71,2018-10-23T09:00:00Z,7
72,2018-10-23T09:00:00Z,0
73,2018-10-23T09:00:00Z,11
74,2018-10-23T09:00:00Z,0
75,2018-10-23T09:00:00Z,17
76,2018-10-23T09:00:00Z,32
78,2018-10-23T09:00:00Z,17
79,2018-10-23T09:00:00Z,2
80,2018-10-23T09:00:00Z,0
81,2018-10-23T09:00:00Z,5
82,2018-10-23T09:00:00Z,7
83,2018-10-23T09:00:00Z,37
85,2018-10-23T09:00:00Z,1
86,2018-10-23T09:00:00Z,0
88,2018-10-23T09:00:00Z,6
89,2018-10-23T09:00:00Z,17
91,2018-10-23T09:00:00Z,10
92,2018-10-23T09:00:00Z,5
93,2018-10-23T09:00:00Z,1
94,2018-10-23T09:00:00Z,35
95,2018-10-23T09:00:00Z,19
96,2018-10-23T09:00:00Z,4
98,2018-10-23T09:00:00Z,1
99,2018-10-23T09:00:00Z,2
100,2018-10-23T09:00:00Z,8
101,2018-10-23T09:00:00Z,4
103,2018-10-23T09:00:00Z,1
104,2018-10-23T09:00:00Z,14
105,2018-10-23T09:00:00Z,5
106,2018-10-23T09:00:00Z,8
107,2018-10-23T09:00:00Z,2
108,2018-10-23T09:00:00Z,6
109,2018-10-23T09:00:00Z,2
110,2018-10-23T09:00:00Z,18
111,2018-10-23T09:00:00Z,1
112,2018-10-23T09:00:00Z,4
113,2018-10-23T09:00:00Z,2
114,2018-10-23T09:00:00Z,8
115,2018-10-23T09:00:00Z,2
116,2018-10-23T09:00:00Z,4
117,2018-10-23T09:00:00Z,0
118,2018-10-23T09:00:00Z,0
119,2018-10-23T09:00:00Z,9
120,2018-10-23T09:00:00Z,0
121,2018-10-23T09:00:00Z,28
122,2018-10-23T09:00:00Z,23
123,2018-10-23T09:00:00Z,27
125,2018-10-23T09:00:00Z,18
126,2018-10-23T09:00:00Z,29
127,2018-10-23T09:00:00Z,20
128,2018-10-23T09:00:00Z,0
129,2018-10-23T09:00:00Z,1
130,2018-10-23T09:00:00Z,15
131,2018-10-23T09:00:00Z,17
133,2018-10-23T09:00:00Z,2
134,2018-10-23T09:00:00Z,37
135,2018-10-23T09:00:00Z,8
136,2018-10-23T09:00:00Z,1
137,2018-10-23T09:00:00Z,27
138,2018-10-23T09:00:00Z,14
139,2018-10-23T09:00:00Z,7
140,2018-10-23T09:00:00Z,4
141,2018-10-23T09:00:00Z,5
142,2018-10-23T09:00:00Z,7
144,2018-10-23T09:00:00Z,8
145,2018-10-23T09:00:00Z,0
146,2018-10-23T09:00:00Z,18
147,2018-10-23T09:00:00Z,12
148,2018-10-23T09:00:00Z,5
149,2018-10-23T09:00:00Z,2
150,2018-10-23T09:00:00Z,7
1,2018-10-23T08:00:00Z,10
2,2018-10-23T08:00:00Z,5
3,2018-10-23T08:00:00Z,0
4,2018-10-23T08:00:00Z,1
5,2018-10-23T08:00:00Z,10
6,2018-10-23T08:00:00Z,9
7,2018-10-23T08:00:00Z,4
8,2018-10-23T08:00:00Z,27
10,2018-10-23T08:00:00Z,40
11,2018-10-23T08:00:00Z,25
12,2018-10-23T08:00:00Z,35
13,2018-10-23T08:00:00Z,8
14,2018-10-23T08:00:00Z,20
15,2018-10-23T08:00:00Z,5
16,2018-10-23T08:00:00Z,20
17,2018-10-23T08:00:00Z,21
18,2018-10-23T08:00:00Z,24
19,2018-10-23T08:00:00Z,20
20,2018-10-23T08:00:00Z,18
21,2018-10-23T08:00:00Z,3
22,2018-10-23T08:00:00Z,13
23,2018-10-23T08:00:00Z,8
24,2018-10-23T08:00:00Z,18
25,2018-10-23T08:00:00Z,9
26,2018-10-23T08:00:00Z,4
27,2018-10-23T08:00:00Z,5
28,2018-10-23T08:00:00Z,2
29,2018-10-23T08:00:00Z,1
30,2018-10-23T08:00:00Z,14
31,2018-10-23T08:00:00Z,2
32,2018-10-23T08:00:00Z,0
33,2018-10-23T08:00:00Z,3
34,2018-10-23T08:00:00Z,3
36,2018-10-23T08:00:00Z,1
37,2018-10-23T08:00:00Z,13
38,2018-10-23T08:00:00Z,0
39,2018-10-23T08:00:00Z,8
40,2018-10-23T08:00:00Z,23
41,2018-10-23T08:00:00Z,25
42,2018-10-23T08:00:00Z,11
43,2018-10-23T08:00:00Z,1
44,2018-10-23T08:00:00Z,4
45,2018-10-23T08:00:00Z,1
46,2018-10-23T08:00:00Z,1
47,2018-10-23T08:00:00Z,34
48,2018-10-23T08:00:00Z,33
50,2018-10-23T08:00:00Z,5
51,2018-10-23T08:00:00Z,3
52,2018-10-23T08:00:00Z,8
53,2018-10-23T08:00:00Z,7
54,2018-10-23T08:00:00Z,24
55,2018-10-23T08:00:00Z,1
56,2018-10-23T08:00:00Z,2
57,2018-10-23T08:00:00Z,12
58,2018-10-23T08:00:00Z,3
60,2018-10-23T08:00:00Z,19
61,2018-10-23T08:00:00Z,5
62,2018-10-23T08:00:00Z,6
63,2018-10-23T08:00:00Z,2
64,2018-10-23T08:00:00Z,17
65,2018-10-23T08:00:00Z,26
66,2018-10-23T08:00:00Z,9
68,2018-10-23T08:00:00Z,0
69,2018-10-23T08:00:00Z,9
70,2018-10-23T08:00:00Z,3
71,2018-10-23T08:00:00Z,8
72,2018-10-23T08:00:00Z,0
73,2018-10-23T08:00:00Z,11
74,2018-10-23T08:00:00Z,0
75,2018-10-23T08:00:00Z,22
76,2018-10-23T08:00:00Z,32
78,2018-10-23T08:00:00Z,17
79,2018-10-23T08:00:00Z,1
80,2018-10-23T08:00:00Z,0
81,2018-10-23T08:00:00Z,5
82,2018-10-23T08:00:00Z,6
83,2018-10-23T08:00:00Z,38
85,2018-10-23T08:00:00Z,1
86,2018-10-23T08:00:00Z,0
88,2018-10-23T08:00:00Z,7
89,2018-10-23T08:00:00Z,16
91,2018-10-23T08:00:00Z,10
92,2018-10-23T08:00:00Z,5
93,2018-10-23T08:00:00Z,1
94,2018-10-23T08:00:00Z,36
95,2018-10-23T08:00:00Z,19
96,2018-10-23T08:00:00Z,5
98,2018-10-23T08:00:00Z,1
99,2018-10-23T08:00:00Z,2
100,2018-10-23T08:00:00Z,9
101,2018-10-23T08:00:00Z,3
103,2018-10-23T08:00:00Z,3
104,2018-10-23T08:00:00Z,15
105,2018-10-23T08:00:00Z,5
106,2018-10-23T08:00:00Z,7
107,2018-10-23T08:00:00Z,2
108,2018-10-23T08:00:00Z,6
109,2018-10-23T08:00:00Z,3
110,2018-10-23T08:00:00Z,18
111,2018-10-23T08:00:00Z,0
112,2018-10-23T08:00:00Z,4
113,2018-10-23T08:00:00Z,1
114,2018-10-23T08:00:00Z,6
115,2018-10-23T08:00:00Z,2
116,2018-10-23T08:00:00Z,4
117,2018-10-23T08:00:00Z,1
118,2018-10-23T08:00:00Z,0
119,2018-10-23T08:00:00Z,11
120,2018-10-23T08:00:00Z,0
121,2018-10-23T08:00:00Z,30
122,2018-10-23T08:00:00Z,20
123,2018-10-23T08:00:00Z,25
125,2018-10-23T08:00:00Z,20
126,2018-10-23T08:00:00Z,25
127,2018-10-23T08:00:00Z,20
128,2018-10-23T08:00:00Z,0
129,2018-10-23T08:00:00Z,1
130,2018-10-23T08:00:00Z,17
131,2018-10-23T08:00:00Z,17
133,2018-10-23T08:00:00Z,3
134,2018-10-23T08:00:00Z,35
135,2018-10-23T08:00:00Z,10
136,2018-10-23T08:00:00Z,3
137,2018-10-23T08:00:00Z,28
138,2018-10-23T08:00:00Z,13
139,2018-10-23T08:00:00Z,6
140,2018-10-23T08:00:00Z,4
141,2018-10-23T08:00:00Z,7
142,2018-10-23T08:00:00Z,3
144,2018-10-23T08:00:00Z,8
145,2018-10-23T08:00:00Z,0
146,2018-10-23T08:00:00Z,18
147,2018-10-23T08:00:00Z,11
148,2018-10-23T08:00:00Z,5
149,2018-10-23T08:00:00Z,0
150,2018-10-23T08:00:00Z,6
1,2018-10-23T07:00:00Z,10
2,2018-10-23T07:00:00Z,5
3,2018-10-23T07:00:00Z,3
4,2018-10-23T07:00:00Z,0
5,2018-10-23T07:00:00Z,11
6,2018-10-23T07:00:00Z,8
7,2018-10-23T07:00:00Z,4
8,2018-10-23T07:00:00Z,21
10,2018-10-23T07:00:00Z,40
11,2018-10-23T07:00:00Z,35
12,2018-10-23T07:00:00Z,36
13,2018-10-23T07:00:00Z,9
14,2018-10-23T07:00:00Z,20
15,2018-10-23T07:00:00Z,8
16,2018-10-23T07:00:00Z,19
17,2018-10-23T07:00:00Z,18
18,2018-10-23T07:00:00Z,26
19,2018-10-23T07:00:00Z,17
20,2018-10-23T07:00:00Z,15
21,2018-10-23T07:00:00Z,4
22,2018-10-23T07:00:00Z,11
23,2018-10-23T07:00:00Z,6
24,2018-10-23T07:00:00Z,16
25,2018-10-23T07:00:00Z,10
26,2018-10-23T07:00:00Z,4
27,2018-10-23T07:00:00Z,4
28,2018-10-23T07:00:00Z,3
29,2018-10-23T07:00:00Z,3
30,2018-10-23T07:00:00Z,15
31,2018-10-23T07:00:00Z,2
32,2018-10-23T07:00:00Z,0
33,2018-10-23T07:00:00Z,0
34,2018-10-23T07:00:00Z,5
36,2018-10-23T07:00:00Z,1
37,2018-10-23T07:00:00Z,12
38,2018-10-23T07:00:00Z,1
39,2018-10-23T07:00:00Z,10
40,2018-10-23T07:00:00Z,30
41,2018-10-23T07:00:00Z,26
42,2018-10-23T07:00:00Z,11
43,2018-10-23T07:00:00Z,0
44,2018-10-23T07:00:00Z,1
45,2018-10-23T07:00:00Z,1
46,2018-10-23T07:00:00Z,2
47,2018-10-23T07:00:00Z,34
48,2018-10-23T07:00:00Z,32
50,2018-10-23T07:00:00Z,4
51,2018-10-23T07:00:00Z,0
52,2018-10-23T07:00:00Z,8
53,2018-10-23T07:00:00Z,7
54,2018-10-23T07:00:00Z,26
55,2018-10-23T07:00:00Z,1
56,2018-10-23T07:00:00Z,3
57,2018-10-23T07:00:00Z,13
58,2018-10-23T07:00:00Z,4
60,2018-10-23T07:00:00Z,16
61,2018-10-23T07:00:00Z,6
62,2018-10-23T07:00:00Z,4
63,2018-10-23T07:00:00Z,0
64,2018-10-23T07:00:00Z,19
65,2018-10-23T07:00:00Z,26
66,2018-10-23T07:00:00Z,9
68,2018-10-23T07:00:00Z,1
69,2018-10-23T07:00:00Z,7
70,2018-10-23T07:00:00Z,2
71,2018-10-23T07:00:00Z,9
72,2018-10-23T07:00:00Z,0
73,2018-10-23T07:00:00Z,11
74,2018-10-23T07:00:00Z,0
75,2018-10-23T07:00:00Z,22
76,2018-10-23T07:00:00Z,32
78,2018-10-23T07:00:00Z,17
79,2018-10-23T07:00:00Z,1
80,2018-10-23T07:00:00Z,0
81,2018-10-23T07:00:00Z,5
82,2018-10-23T07:00:00Z,8
83,2018-10-23T07:00:00Z,36
85,2018-10-23T07:00:00Z,1
86,2018-10-23T07:00:00Z,1
88,2018-10-23T07:00:00Z,7
89,2018-10-23T07:00:00Z,15
91,2018-10-23T07:00:00Z,10
92,2018-10-23T07:00:00Z,5
93,2018-10-23T07:00:00Z,1
94,2018-10-23T07:00:00Z,35
95,2018-10-23T07:00:00Z,19
96,2018-10-23T07:00:00Z,6
98,2018-10-23T07:00:00Z,1
99,2018-10-23T07:00:00Z,2
100,2018-10-23T07:00:00Z,9
101,2018-10-23T07:00:00Z,3
103,2018-10-23T07:00:00Z,3
104,2018-10-23T07:00:00Z,14
105,2018-10-23T07:00:00Z,5
106,2018-10-23T07:00:00Z,8
107,2018-10-23T07:00:00Z,1
108,2018-10-23T07:00:00Z,5
109,2018-10-23T07:00:00Z,4
110,2018-10-23T07:00:00Z,18
111,2018-10-23T07:00:00Z,3
112,2018-10-23T07:00:00Z,2
113,2018-10-23T07:00:00Z,1
114,2018-10-23T07:00:00Z,7
115,2018-10-23T07:00:00Z,2
116,2018-10-23T07:00:00Z,6
117,2018-10-23T07:00:00Z,2
118,2018-10-23T07:00:00Z,0
119,2018-10-23T07:00:00Z,11
120,2018-10-23T07:00:00Z,0
121,2018-10-23T07:00:00Z,28
122,2018-10-23T07:00:00Z,20
123,2018-10-23T07:00:00Z,25
125,2018-10-23T07:00:00Z,21
126,2018-10-23T07:00:00Z,26
127,2018-10-23T07:00:00Z,21
128,2018-10-23T07:00:00Z,0
129,2018-10-23T07:00:00Z,2
130,2018-10-23T07:00:00Z,16
131,2018-10-23T07:00:00Z,16
133,2018-10-23T07:00:00Z,3
134,2018-10-23T07:00:00Z,35
135,2018-10-23T07:00:00Z,10
136,2018-10-23T07:00:00Z,3
137,2018-10-23T07:00:00Z,27
138,2018-10-23T07:00:00Z,12
139,2018-10-23T07:00:00Z,4
140,2018-10-23T07:00:00Z,4
141,2018-10-23T07:00:00Z,8
142,2018-10-23T07:00:00Z,3
144,2018-10-23T07:00:00Z,8
145,2018-10-23T07:00:00Z,1
146,2018-10-23T07:00:00Z,18
147,2018-10-23T07:00:00Z,9
148,2018-10-23T07:00:00Z,6
149,2018-10-23T07:00:00Z,0
150,2018-10-23T07:00:00Z,7
