,timehour,sumofhourlyavg,y_hat
0,2017-06-01 00:00:00,2804.6,2829.4395407217
1,2017-06-01 01:00:00,2808.4,2806.2028287266
2,2017-06-01 02:00:00,2809.2,2781.2514364387
3,2017-06-01 03:00:00,2731.8,2752.8274738667
4,2017-06-01 04:00:00,2583.2,2725.4455773772
5,2017-06-01 05:00:00,2421.4,2702.9980800962
6,2017-06-01 06:00:00,2509.4,2683.4657450661
7,2017-06-01 07:00:00,2612.8,2664.0383238889
8,2017-06-01 08:00:00,2689,2716.5228291131
9,2017-06-01 09:00:00,2647.8,2708.7475758345
10,2017-06-01 10:00:00,2686,2695.602435733
11,2017-06-01 11:00:00,2693.4,2690.4754568114
12,2017-06-01 12:00:00,2633.4,2685.2866070184
13,2017-06-01 13:00:00,2433.2,2683.5100002422
14,2017-06-01 14:00:00,2405.4,2683.6718662096
15,2017-06-01 15:00:00,2528.6,2685.9477293676
16,2017-06-01 16:00:00,2616.4,2695.4120710786
17,2017-06-01 17:00:00,2643.2,2698.9256899904
18,2017-06-01 18:00:00,2668.6,2715.013735724
19,2017-06-01 19:00:00,2748.2,2727.500832116
20,2017-06-01 20:00:00,2777,2746.3948722522
21,2017-06-01 21:00:00,2807.8,2765.0407319441
22,2017-06-01 22:00:00,2822,2787.0292599566
23,2017-06-01 23:00:00,2825.6,2812.535980737
24,2017-06-02 00:00:00,2832.6,2805.1303771473
25,2017-06-02 01:00:00,2832.6,2830.5041460474
26,2017-06-02 02:00:00,2821.6,2806.6869642228
27,2017-06-02 03:00:00,2775.2,2768.0274508505
28,2017-06-02 04:00:00,2600.4,2730.0286137103
29,2017-06-02 05:00:00,2483.2,2700.5904663396
30,2017-06-02 06:00:00,2585.2,2676.8142687465
31,2017-06-02 07:00:00,2651,2654.6249147685
32,2017-06-02 08:00:00,2668.8,2635.3348498974
33,2017-06-02 09:00:00,2659.6,2617.8729350288
34,2017-06-02 10:00:00,2649,2603.5224524585
35,2017-06-02 11:00:00,2650.8,2595.6021787843
36,2017-06-02 12:00:00,2557,2586.4652333479
37,2017-06-02 13:00:00,2482.6,2583.5033276806
38,2017-06-02 14:00:00,2519,2583.1514700111
39,2017-06-02 15:00:00,2583.4,2585.3032397495
40,2017-06-02 16:00:00,2524.4,2595.1623232562
41,2017-06-02 17:00:00,2577.4,2616.1475771146
42,2017-06-02 18:00:00,2647.4,2636.3701989666
43,2017-06-02 19:00:00,2713.6,2663.3803336234
44,2017-06-02 20:00:00,2712.2,2697.0744162391
45,2017-06-02 21:00:00,2728.4,2738.2657583786
46,2017-06-02 22:00:00,2760.8,2789.1275959499
47,2017-06-02 23:00:00,2770.6,2849.4737330187
48,2017-06-03 00:00:00,2791.8,2835.7387735724
49,2017-06-03 01:00:00,2799,2810.8971135558
50,2017-06-03 02:00:00,2803,2789.5343359077
51,2017-06-03 03:00:00,2792.8,2760.7340847804
52,2017-06-03 04:00:00,2782.4,2725.4740235858
53,2017-06-03 05:00:00,2768,2704.0251519994
54,2017-06-03 06:00:00,2731.6,2683.7903545886
55,2017-06-03 07:00:00,2671.6,2664.0383238889
56,2017-06-03 08:00:00,2619.8,2643.226642408
57,2017-06-03 09:00:00,2529.8,2620.3640157082
58,2017-06-03 10:00:00,2503.6,2608.868818914
59,2017-06-03 11:00:00,2464.6,2592.3731120283
60,2017-06-03 12:00:00,2401.8,2571.1433774212
61,2017-06-03 13:00:00,2417.6,2555.9015190747
62,2017-06-03 14:00:00,2441.8,2556.26990369
63,2017-06-03 15:00:00,2486.8,2548.2734917151
64,2017-06-03 16:00:00,2473.4,2567.1068289544
65,2017-06-03 17:00:00,2526.4,2589.356453011
66,2017-06-03 18:00:00,2586.4,2619.7698621397
67,2017-06-03 19:00:00,2657.8,2665.949882977
68,2017-06-03 20:00:00,2692,2705.3002774313
69,2017-06-03 21:00:00,2654.2,2746.4089674974
70,2017-06-03 22:00:00,2695.6,2794.6253464324
71,2017-06-03 23:00:00,2719,2849.8292328021
72,2017-06-04 00:00:00,2742,2830.2592292953
73,2017-06-04 01:00:00,2757,2803.7153594499
74,2017-06-04 02:00:00,2796.2,2779.0169329972
75,2017-06-04 03:00:00,2816.6,2751.6062870604
76,2017-06-04 04:00:00,2814.8,2727.0298576759
77,2017-06-04 05:00:00,2812.4,2703.331715028
78,2017-06-04 06:00:00,2783.6,2685.4424259579
79,2017-06-04 07:00:00,2645.4,2663.3177925131
80,2017-06-04 08:00:00,2485.2,2642.1687062877
81,2017-06-04 09:00:00,2436.2,2626.5537928368
82,2017-06-04 10:00:00,2289.4,2611.5682749281
83,2017-06-04 11:00:00,2189,2599.764460134
84,2017-06-04 12:00:00,2191,2590.6427549988
85,2017-06-04 13:00:00,2293.4,2587.9050597264
86,2017-06-04 14:00:00,2348.8,2588.1457247212
87,2017-06-04 15:00:00,2294.2,2582.467230074
88,2017-06-04 16:00:00,2391.6,2602.5375643634
89,2017-06-04 17:00:00,2450.6,2618.8023142523
90,2017-06-04 18:00:00,2568.6,2640.058041361
91,2017-06-04 19:00:00,2650,2668.9979611713
92,2017-06-04 20:00:00,2704.8,2703.7043725984
93,2017-06-04 21:00:00,2742,2746.1397774145
94,2017-06-04 22:00:00,2766.6,2796.4518243535
95,2017-06-04 23:00:00,2771.2,2855.1997018979
96,2017-06-05 00:00:00,2777.8,2838.1324184663
97,2017-06-05 01:00:00,2782.8,2812.5205142056
98,2017-06-05 02:00:00,2772.4,2785.8672437131
99,2017-06-05 03:00:00,2712.2,2760.8481370016
100,2017-06-05 04:00:00,2525.4,2734.9802217791
101,2017-06-05 05:00:00,2427.2,2710.2236277531
102,2017-06-05 06:00:00,2583.4,2686.3558641192
103,2017-06-05 07:00:00,2622.6,2664.3236617
104,2017-06-05 08:00:00,2657.2,2643.9285704441
105,2017-06-05 09:00:00,2645.2,2715.6369492047
106,2017-06-05 10:00:00,2654.2,2707.3505342738
107,2017-06-05 11:00:00,2640.8,2702.2235553521
108,2017-06-05 12:00:00,2555.6,2698.6840002797
109,2017-06-05 13:00:00,2529.6,2696.9073935036
110,2017-06-05 14:00:00,2652.6,2691.4710554767
111,2017-06-05 15:00:00,2672.6,2690.8466862828
112,2017-06-05 16:00:00,2678,2690.9317808217
113,2017-06-05 17:00:00,2688,2695.8471396561
114,2017-06-05 18:00:00,2688,2705.7519380213
115,2017-06-05 19:00:00,2703.6,2718.2390344133
116,2017-06-05 20:00:00,2750.8,2733.7177502317
117,2017-06-05 21:00:00,2760.4,2752.3636099236
118,2017-06-05 22:00:00,2771.6,2776.0188236605
119,2017-06-05 23:00:00,2783.2,2803.248423728
120,2017-06-06 00:00:00,2785.2,2801.2691976793
121,2017-06-06 01:00:00,2784.4,2811.2680303011
122,2017-06-06 02:00:00,2776,2784.4482997391
123,2017-06-06 03:00:00,2697.6,2759.1567738025
124,2017-06-06 04:00:00,2459.2,2735.0756801454
125,2017-06-06 05:00:00,2269.8,2702.5928289514
126,2017-06-06 06:00:00,2438.6,2679.592981013
127,2017-06-06 07:00:00,2470,2640.9611047374
128,2017-06-06 08:00:00,2483.8,2628.1894716904
129,2017-06-06 09:00:00,2391.8,2591.4247188979
130,2017-06-06 10:00:00,2462.8,2576.5431337474
131,2017-06-06 11:00:00,2462.8,2545.8034181723
132,2017-06-06 12:00:00,2400.4,2516.679082265
133,2017-06-06 13:00:00,2168.4,2493.5109042729
134,2017-06-06 14:00:00,2138.8,2492.0453722009
135,2017-06-06 15:00:00,2214.8,2491.8695560462
136,2017-06-06 16:00:00,2250.8,2518.8847575811
137,2017-06-06 17:00:00,2344.4,2538.7442434097
138,2017-06-06 18:00:00,2479.6,2564.6377827716
139,2017-06-06 19:00:00,2637,2626.8321729183
140,2017-06-06 20:00:00,2752.6,2690.5320154168
141,2017-06-06 21:00:00,2801.8,2744.1574182491
142,2017-06-06 22:00:00,2837.6,2797.9779302281
143,2017-06-06 23:00:00,2848.6,2855.8283174313
144,2017-06-07 00:00:00,2865.4,2838.1324184663
145,2017-06-07 01:00:00,2867.2,2810.3306821899
146,2017-06-07 02:00:00,2852.2,2785.6154230158
147,2017-06-07 03:00:00,2783,2760.9039031692
148,2017-06-07 04:00:00,2549.8,2701.6284385232
149,2017-06-07 05:00:00,2352,2679.7366087301
150,2017-06-07 06:00:00,2422.6,2617.0489768184
151,2017-06-07 07:00:00,2545.8,2598.7933357047
152,2017-06-07 08:00:00,2522.6,2549.8550413966
153,2017-06-07 09:00:00,2529.6,2524.9703539058
154,2017-06-07 10:00:00,2519.2,2505.0021343647
155,2017-06-07 11:00:00,2508.8,2491.7093170808
156,2017-06-07 12:00:00,2332.4,2488.6363394609
157,2017-06-07 13:00:00,2118,2481.2349864048
158,2017-06-07 14:00:00,2057.6,2476.8514354349
159,2017-06-07 15:00:00,2252.6,2491.8695560462
160,2017-06-07 16:00:00,2306,2507.6151089233
161,2017-06-07 17:00:00,2356,2534.885048551
162,2017-06-07 18:00:00,2495,2572.418730397
163,2017-06-07 19:00:00,2670.8,2616.0717536907
164,2017-06-07 20:00:00,2774.6,2665.4643778707
165,2017-06-07 21:00:00,2813.2,2712.805999433
166,2017-06-07 22:00:00,2844.6,2788.7484505454
167,2017-06-07 23:00:00,2848.4,2838.837837891
168,2017-06-08 00:00:00,2864.8,2823.1138510884
169,2017-06-08 01:00:00,2868.8,2802.3627559602
170,2017-06-08 02:00:00,2865.8,2777.0535781187
171,2017-06-08 03:00:00,2827.8,2750.8641189883
172,2017-06-08 04:00:00,2677.4,2730.8572495322
173,2017-06-08 05:00:00,2659.6,2703.3330250264
174,2017-06-08 06:00:00,2779,2725.8210962156
175,2017-06-08 07:00:00,2797.4,2717.78710925
176,2017-06-08 08:00:00,2788.6,2712.8575392144
177,2017-06-08 09:00:00,2788,2708.3693215041
178,2017-06-08 10:00:00,2804,2701.8304431804
179,2017-06-08 11:00:00,2831.8,2698.1095519322
180,2017-06-08 12:00:00,2786.8,2699.3559122509
181,2017-06-08 13:00:00,2737.8,2703.2166994218
182,2017-06-08 14:00:00,2745.8,2683.7063812123
183,2017-06-08 15:00:00,2854.4,2687.375288791
184,2017-06-08 16:00:00,2829,2761.9252266963
185,2017-06-08 17:00:00,2833.2,2771.4593494188
186,2017-06-08 18:00:00,2853,2794.2795348967
187,2017-06-08 19:00:00,2862,2802.7114992193
188,2017-06-08 20:00:00,2877.2,2806.5924712002
189,2017-06-08 21:00:00,2879.8,2814.4920656104
190,2017-06-08 22:00:00,2901.6,2833.0877226526
191,2017-06-08 23:00:00,2911,2821.7071038416
192,2017-06-09 00:00:00,2917,2800.83385461
193,2017-06-09 01:00:00,2910.4,2794.3129561245
194,2017-06-09 02:00:00,2913.2,2786.7574184134
195,2017-06-09 03:00:00,2857.4,2759.9295153177
196,2017-06-09 04:00:00,2667.6,2734.1570584615
197,2017-06-09 05:00:00,2507,2703.3330250264
198,2017-06-09 06:00:00,2577.6,2682.1612203683
199,2017-06-09 07:00:00,2669,2656.7281514932
200,2017-06-09 08:00:00,2647.4,2627.0593261854
201,2017-06-09 09:00:00,2601.6,2608.1960580899
202,2017-06-09 10:00:00,2571.2,2578.1210333058
203,2017-06-09 11:00:00,2506.2,2553.0617823124
204,2017-06-09 12:00:00,2274.4,2545.006243182
205,2017-06-09 13:00:00,2090.4,2531.8443913192
206,2017-06-09 14:00:00,2042.2,2530.3370620395
207,2017-06-09 15:00:00,2057,2546.5108664596
208,2017-06-09 16:00:00,2032.4,2562.1182091436
209,2017-06-09 17:00:00,2107,2593.7114967973
210,2017-06-09 18:00:00,2204.6,2615.7213620816
211,2017-06-09 19:00:00,2470.2,2648.1887711698
212,2017-06-09 20:00:00,2527.8,2692.6007241107
213,2017-06-09 21:00:00,2566.4,2745.1316845996
214,2017-06-09 22:00:00,2631.6,2794.7064998906
215,2017-06-09 23:00:00,2671.4,2855.4652998803
216,2017-06-10 00:00:00,2697.2,2839.0458566276
217,2017-06-10 01:00:00,2712.6,2813.1090701674
218,2017-06-10 02:00:00,2745.4,2786.5791202148
219,2017-06-10 03:00:00,2745.4,2757.6806394224
220,2017-06-10 04:00:00,2737.2,2720.2119597647
221,2017-06-10 05:00:00,2692.2,2654.1629593459
222,2017-06-10 06:00:00,2634.6,2607.3240928153
223,2017-06-10 07:00:00,2525.2,2569.9647948415
224,2017-06-10 08:00:00,2416.2,2561.2163400938
225,2017-06-10 09:00:00,2326.2,2526.7287790711
226,2017-06-10 10:00:00,2259.2,2519.1326012337
227,2017-06-10 11:00:00,2189.6,2501.9647927809
228,2017-06-10 12:00:00,2169.2,2483.6537779504
229,2017-06-10 13:00:00,2202.2,2518.470452805
230,2017-06-10 14:00:00,2252.6,2505.2405875855
231,2017-06-10 15:00:00,2327.2,2490.1409627384
232,2017-06-10 16:00:00,2369.8,2502.2597421332
233,2017-06-10 17:00:00,2497.4,2548.4664239882
234,2017-06-10 18:00:00,2518.8,2585.7926689111
235,2017-06-10 19:00:00,2572.6,2598.8951983025
236,2017-06-10 20:00:00,2607.2,2647.5632862535
237,2017-06-10 21:00:00,2595.4,2686.2063678984
238,2017-06-10 22:00:00,2635.8,2757.9426395429
239,2017-06-10 23:00:00,2640.4,2829.895733319
240,2017-06-11 00:00:00,2671.2,2815.7757306906
241,2017-06-11 01:00:00,2728.4,2797.2887957038
242,2017-06-11 02:00:00,2771.8,2773.2275603273
243,2017-06-11 03:00:00,2767.6,2738.8685945812
244,2017-06-11 04:00:00,2772.6,2671.5372600494
245,2017-06-11 05:00:00,2759.6,2636.9011031686
246,2017-06-11 06:00:00,2720.8,2599.6096477192
247,2017-06-11 07:00:00,2628.4,2559.3505588592
248,2017-06-11 08:00:00,2476.4,2535.9546031009
249,2017-06-11 09:00:00,2342.6,2509.4367386952
250,2017-06-11 10:00:00,2227.4,2492.0308731508
251,2017-06-11 11:00:00,2155,2480.3625762946
252,2017-06-11 12:00:00,2213.2,2476.1784091192
253,2017-06-11 13:00:00,2260.4,2469.4966110257
254,2017-06-11 14:00:00,2627.4,2503.3150208587
255,2017-06-11 15:00:00,2536.6,2533.6267801615
256,2017-06-11 16:00:00,2494.8,2555.1164057131
257,2017-06-11 17:00:00,2490.8,2567.4862384
258,2017-06-11 18:00:00,2561.4,2582.0271225026
259,2017-06-11 19:00:00,2634.8,2614.2115779412
260,2017-06-11 20:00:00,2699.6,2667.127587827
261,2017-06-11 21:00:00,2742.4,2732.9674202329
262,2017-06-11 22:00:00,2775.2,2786.9921653248
263,2017-06-11 23:00:00,2788.4,2845.9397577843
264,2017-06-12 00:00:00,2799.6,2829.0856254766
265,2017-06-12 01:00:00,2803.8,2805.7177220617
266,2017-06-12 02:00:00,2799.6,2781.613302392
267,2017-06-12 03:00:00,2746.2,2775.2942739139
268,2017-06-12 04:00:00,2695.2,2759.9660117179
269,2017-06-12 05:00:00,2714,2737.2560377085
270,2017-06-12 06:00:00,2762.2,2725.2085371503
271,2017-06-12 07:00:00,2772.6,2718.799902178
272,2017-06-12 08:00:00,2797.6,2720.1043835308
273,2017-06-12 09:00:00,2799.6,2725.1720347847
274,2017-06-12 10:00:00,2816,2720.9222589331
275,2017-06-12 11:00:00,2829,2716.5793383307
276,2017-06-12 12:00:00,2826.4,2792.5264827464
277,2017-06-12 13:00:00,2779.8,2752.4604692571
278,2017-06-12 14:00:00,2743,2730.3185578499
279,2017-06-12 15:00:00,2667.4,2715.3005584888
280,2017-06-12 16:00:00,2695.2,2702.8925055372
281,2017-06-12 17:00:00,2650.4,2701.074622641
282,2017-06-12 18:00:00,2715.4,2709.7810437796
283,2017-06-12 19:00:00,2806.8,2721.1292022723
284,2017-06-12 20:00:00,2853,2744.3801858707
285,2017-06-12 21:00:00,2851.4,2765.0407319441
286,2017-06-12 22:00:00,2874.4,2790.3666519569
287,2017-06-12 23:00:00,2881.8,2815.8733727373
288,2017-06-13 00:00:00,2892,2808.4677691476
289,2017-06-13 01:00:00,2886.2,2797.120396327
290,2017-06-13 02:00:00,2880.8,2785.6052028843
291,2017-06-13 03:00:00,2835.2,2774.0977132663
292,2017-06-13 04:00:00,2606.4,2730.2737985236
293,2017-06-13 05:00:00,2454.8,2701.8132078378
294,2017-06-13 06:00:00,2601.8,2666.9206621879
295,2017-06-13 07:00:00,2680.4,2644.7960287431
296,2017-06-13 08:00:00,2661.6,2618.1172216134
297,2017-06-13 09:00:00,2597.6,2589.817440727
298,2017-06-13 10:00:00,2654.2,2564.7300791686
299,2017-06-13 11:00:00,2679.8,2528.6268627841
300,2017-06-13 12:00:00,2687,2564.3978792871
301,2017-06-13 13:00:00,2540.4,2561.7730844896
302,2017-06-13 14:00:00,2484.6,2567.4684500633
303,2017-06-13 15:00:00,2633.6,2585.8221961755
304,2017-06-13 16:00:00,2627.4,2602.820626622
305,2017-06-13 17:00:00,2679.4,2619.4593615572
306,2017-06-13 18:00:00,2741.6,2641.4692268415
307,2017-06-13 19:00:00,2785,2669.8881358716
308,2017-06-13 20:00:00,2817,2705.2602178597
309,2017-06-13 21:00:00,2846.8,2747.8073537513
310,2017-06-13 22:00:00,2859.2,2797.657303822
311,2017-06-13 23:00:00,2866,2853.9472179934
312,2017-06-14 00:00:00,2870,2835.8209924524
313,2017-06-14 01:00:00,2872.8,2806.1229732066
314,2017-06-14 02:00:00,2855.8,2782.0195545596
315,2017-06-14 03:00:00,2799,2759.4259638853
316,2017-06-14 04:00:00,2545.2,2733.5548661451
317,2017-06-14 05:00:00,2359.8,2696.3096591902
318,2017-06-14 06:00:00,2479.8,2648.1115030109
319,2017-06-14 07:00:00,2622.8,2615.6321749439
320,2017-06-14 08:00:00,2548,2591.891963216
321,2017-06-14 09:00:00,2520.2,2539.6798568162
322,2017-06-14 10:00:00,2554,2521.0055850296
323,2017-06-14 11:00:00,2551,2513.1299748095
324,2017-06-14 12:00:00,2377,2497.5542162461
325,2017-06-14 13:00:00,2229.4,2491.6769875855
326,2017-06-14 14:00:00,2221.8,2484.961412103
327,2017-06-14 15:00:00,2300.8,2472.6401360008
328,2017-06-14 16:00:00,2330.4,2509.4490256107
329,2017-06-14 17:00:00,2307.4,2523.6153998932
330,2017-06-14 18:00:00,2492.4,2566.5840478837
331,2017-06-14 19:00:00,2639,2623.3301178308
332,2017-06-14 20:00:00,2718.6,2689.4399433961
333,2017-06-14 21:00:00,2776.4,2745.1316845996
334,2017-06-14 22:00:00,2805.8,2797.9779302281
335,2017-06-14 23:00:00,2829.2,2855.561148188
336,2017-06-15 00:00:00,2844,2837.8992910709
337,2017-06-15 01:00:00,2844.8,2811.2680303011
338,2017-06-15 02:00:00,2843.6,2784.4482997391
339,2017-06-15 03:00:00,2762.6,2760.3159959318
340,2017-06-15 04:00:00,2563.8,2688.237484386
341,2017-06-15 05:00:00,2355,2606.9115955144
342,2017-06-15 06:00:00,2511.6,2573.5638531319
343,2017-06-15 07:00:00,2596.4,2545.9505015943
344,2017-06-15 08:00:00,2539.8,2570.9266722656
345,2017-06-15 09:00:00,2506,2586.5185021516
346,2017-06-15 10:00:00,2516,2555.611539279
347,2017-06-15 11:00:00,2491,2518.9046822057
348,2017-06-15 12:00:00,2408,2514.7328171529
349,2017-06-15 13:00:00,2198.6,2506.805831102
350,2017-06-15 14:00:00,2133.2,2511.057889795
351,2017-06-15 15:00:00,2250.6,2504.6756343395
352,2017-06-15 16:00:00,2305.6,2534.4085741428
353,2017-06-15 17:00:00,2365.6,2571.116696683
354,2017-06-15 18:00:00,2459.6,2611.3663182953
355,2017-06-15 19:00:00,2616.8,2648.1887711698
356,2017-06-15 20:00:00,2717.4,2697.0892486404
357,2017-06-15 21:00:00,2782.4,2742.4068468737
358,2017-06-15 22:00:00,2827.2,2793.072115848
359,2017-06-15 23:00:00,2855,2847.6172886404
360,2017-06-16 00:00:00,2878,2834.2677618681
361,2017-06-16 01:00:00,2880.2,2811.36807127
362,2017-06-16 02:00:00,2879.4,2785.1610792968
363,2017-06-16 03:00:00,2812,2755.4238432616
364,2017-06-16 04:00:00,2572.2,2659.910323469
365,2017-06-16 05:00:00,2402,2594.4536651727
366,2017-06-16 06:00:00,2482.6,2568.0751350391
367,2017-06-16 07:00:00,2590.2,2548.5889877145
368,2017-06-16 08:00:00,2496.4,2522.329068443
369,2017-06-16 09:00:00,2474.4,2498.4494357931
370,2017-06-16 10:00:00,2506.2,2483.5678506426
371,2017-06-16 11:00:00,2482,2478.0837824229
372,2017-06-16 12:00:00,2336.6,2465.5598641472
373,2017-06-16 13:00:00,2252.2,2460.8578717747
374,2017-06-16 14:00:00,2288,2459.4805198274
375,2017-06-16 15:00:00,2326.4,2464.3766887218
376,2017-06-16 16:00:00,2399,2475.0502565498
377,2017-06-16 17:00:00,2434,2495.0166157627
378,2017-06-16 18:00:00,2496.4,2524.7362831768
379,2017-06-16 19:00:00,2549,2579.6056236918
380,2017-06-16 20:00:00,2593.8,2638.0027611892
381,2017-06-16 21:00:00,2671.8,2699.2082980208
382,2017-06-16 22:00:00,2732,2767.490911205
383,2017-06-16 23:00:00,2746.4,2832.6298629982
384,2017-06-17 00:00:00,2795,2810.1711614303
385,2017-06-17 01:00:00,2813.4,2785.798028451
386,2017-06-17 02:00:00,2835.4,2761.0095536535
387,2017-06-17 03:00:00,2848.8,2714.0099412422
388,2017-06-17 04:00:00,2833.4,2638.9515407627
389,2017-06-17 05:00:00,2806.4,2582.1192707095
390,2017-06-17 06:00:00,2742.4,2558.105727014
391,2017-06-17 07:00:00,2623.4,2552.7581944864
392,2017-06-17 08:00:00,2540.2,2518.4959860947
393,2017-06-17 09:00:00,2421.6,2498.0574304307
394,2017-06-17 10:00:00,2418.2,2488.7119994218
395,2017-06-17 11:00:00,2327.6,2471.0466652766
396,2017-06-17 12:00:00,2241.2,2497.2603654422
397,2017-06-17 13:00:00,2229.4,2472.0724749616
398,2017-06-17 14:00:00,2253.8,2461.6716851267
399,2017-06-17 15:00:00,2319,2474.0362250714
400,2017-06-17 16:00:00,2381.8,2481.4577125794
401,2017-06-17 17:00:00,2365.4,2490.852772698
402,2017-06-17 18:00:00,2507.8,2517.9232142801
403,2017-06-17 19:00:00,2528,2541.2815470124
404,2017-06-17 20:00:00,2521.8,2598.8295952342
405,2017-06-17 21:00:00,2554.8,2655.3954669194
406,2017-06-17 22:00:00,2632.6,2740.0415479257
407,2017-06-17 23:00:00,2672.2,2803.6704749217
408,2017-06-18 00:00:00,2729.8,2800.8014955193
409,2017-06-18 01:00:00,2777.6,2764.6217455124
410,2017-06-18 02:00:00,2819,2741.9620256281
411,2017-06-18 03:00:00,2835.2,2708.5948361257
412,2017-06-18 04:00:00,2821.2,2693.4546409831
413,2017-06-18 05:00:00,2793.4,2666.783554323
414,2017-06-18 06:00:00,2776.8,2637.7568083887
415,2017-06-18 07:00:00,2704,2606.4225679926
416,2017-06-18 08:00:00,2612.4,2584.4229820344
417,2017-06-18 09:00:00,2536,2568.6174105344
418,2017-06-18 10:00:00,2488.4,2546.106593096
419,2017-06-18 11:00:00,2484.4,2522.7883562833
420,2017-06-18 12:00:00,2436.4,2506.9899482166
421,2017-06-18 13:00:00,2427.2,2520.4081523598
422,2017-06-18 14:00:00,2498,2530.3370620395
423,2017-06-18 15:00:00,2511,2533.6267801615
424,2017-06-18 16:00:00,2559.2,2542.1144755908
425,2017-06-18 17:00:00,2583.6,2520.0184582684
426,2017-06-18 18:00:00,2648.4,2528.9336067105
427,2017-06-18 19:00:00,2694.6,2565.2638549127
428,2017-06-18 20:00:00,2737.4,2612.9600621033
429,2017-06-18 21:00:00,2803.8,2666.8358447475
430,2017-06-18 22:00:00,2841.8,2730.4810228615
431,2017-06-18 23:00:00,2858.2,2796.2014937401
432,2017-06-19 00:00:00,2862.4,2783.1129078409
433,2017-06-19 01:00:00,2864,2760.9912872294
434,2017-06-19 02:00:00,2855.8,2740.1994003726
435,2017-06-19 03:00:00,2802.2,2710.4198407901
436,2017-06-19 04:00:00,2605.6,2686.4528375526
437,2017-06-19 05:00:00,2435.4,2633.0080732064
438,2017-06-19 06:00:00,2532.2,2599.6096477192
439,2017-06-19 07:00:00,2633.8,2568.130878154
440,2017-06-19 08:00:00,2615.6,2561.2163400938
441,2017-06-19 09:00:00,2604.2,2537.776432199
442,2017-06-19 10:00:00,2575.6,2492.0308731508
443,2017-06-19 11:00:00,2583.6,2471.013211494
444,2017-06-19 12:00:00,2405.8,2463.2227597337
445,2017-06-19 13:00:00,2188.4,2459.9946696074
446,2017-06-19 14:00:00,2182.2,2459.895587616
447,2017-06-19 15:00:00,2283.4,2466.1334134925
448,2017-06-19 16:00:00,2314.6,2478.1958305045
449,2017-06-19 17:00:00,2332.6,2497.9233436269
450,2017-06-19 18:00:00,2503.2,2535.1832639968
451,2017-06-19 19:00:00,2660.6,2585.3138228654
452,2017-06-19 20:00:00,2718.8,2639.9340539655
453,2017-06-19 21:00:00,2727.2,2699.2082980208
454,2017-06-19 22:00:00,2838.6,2762.8488562892
455,2017-06-19 23:00:00,2850.6,2837.6699738089
456,2017-06-20 00:00:00,2857.8,2828.1878113449
457,2017-06-20 01:00:00,2866.2,2803.260570092
458,2017-06-20 02:00:00,2881.2,2786.1982271676
459,2017-06-20 03:00:00,2828.4,2774.6907375497
460,2017-06-20 04:00:00,2768.8,2763.3664762038
461,2017-06-20 05:00:00,2786.4,2735.6270525571
462,2017-06-20 06:00:00,2736.6,2725.1958210967
463,2017-06-20 07:00:00,2818.4,2715.4743912497
464,2017-06-20 08:00:00,2799.6,2706.6382874634
465,2017-06-20 09:00:00,2793.4,2698.8630341847
466,2017-06-20 10:00:00,2752.4,2692.6989576166
467,2017-06-20 11:00:00,2679.6,2687.5719786949
468,2017-06-20 12:00:00,2546.8,2684.0324236224
469,2017-06-20 13:00:00,2587.6,2516.5280116805
470,2017-06-20 14:00:00,2479.6,2571.083573677
471,2017-06-20 15:00:00,2556.6,2579.5390264143
472,2017-06-20 16:00:00,2593.2,2596.2123822624
473,2017-06-20 17:00:00,2627.4,2611.4330521187
474,2017-06-20 18:00:00,2666,2632.6238576357
475,2017-06-20 19:00:00,2770.8,2664.0824692199
476,2017-06-20 20:00:00,2827.6,2701.1773051844
477,2017-06-20 21:00:00,2866.6,2745.5618841352
478,2017-06-20 22:00:00,2894.6,2797.4155215526
479,2017-06-20 23:00:00,2900,2855.6435980789
480,2017-06-21 00:00:00,2917,2839.1254096575
481,2017-06-21 01:00:00,2914.8,2813.3132322686
482,2017-06-21 02:00:00,2906.6,2786.9421377657
483,2017-06-21 03:00:00,2845.2,2760.6314433538
484,2017-06-21 04:00:00,2682.4,2735.1851579277
485,2017-06-21 05:00:00,2463.6,2706.9521974157
486,2017-06-21 06:00:00,2572.4,2674.5607708877
487,2017-06-21 07:00:00,2687.8,2647.1690796302
488,2017-06-21 08:00:00,2653.4,2623.4442025717
489,2017-06-21 09:00:00,2627.6,2594.550252185
490,2017-06-21 10:00:00,2647,2578.1210333058
491,2017-06-21 11:00:00,2613.6,2556.5638373999
492,2017-06-21 12:00:00,2507.4,2520.5713236537
493,2017-06-21 13:00:00,2747.4,2683.5445152449
494,2017-06-21 14:00:00,2664.2,2685.3683919864
495,2017-06-21 15:00:00,2604.2,2687.6442551444
496,2017-06-21 16:00:00,2603.6,2692.2096399402
497,2017-06-21 17:00:00,2613,2699.2400708209
498,2017-06-21 18:00:00,2647.2,2708.9110722337
499,2017-06-21 19:00:00,2741.8,2721.3981686257
500,2017-06-21 20:00:00,2816.8,2736.8768844441
501,2017-06-21 21:00:00,2835.4,2767.2236116205
502,2017-06-21 22:00:00,2876.4,2795.6047409914
503,2017-06-21 23:00:00,2883.2,2855.2526944981
504,2017-06-22 00:00:00,2891.2,2839.1911889529
505,2017-06-22 01:00:00,2898.8,2813.0278944574
506,2017-06-22 02:00:00,2889.8,2786.1003711084
507,2017-06-22 03:00:00,2830.8,2760.485509392
508,2017-06-22 04:00:00,2634,2734.9401622075
509,2017-06-22 05:00:00,2498.6,2705.9012643817
510,2017-06-22 06:00:00,2624.6,2672.5696151768
511,2017-06-22 07:00:00,2703.6,2642.2754751163
512,2017-06-22 08:00:00,2704.6,2607.5128447404
513,2017-06-22 09:00:00,2758.2,2562.9114399825
514,2017-06-22 10:00:00,2735.6,2698.479827344
515,2017-06-22 11:00:00,2704.6,2693.3528484223
516,2017-06-22 12:00:00,2719.8,2689.8132933499
517,2017-06-22 13:00:00,2717.6,2688.0366865738
518,2017-06-22 14:00:00,2618.6,2688.1985525411
519,2017-06-22 15:00:00,2658.8,2690.4744156991
520,2017-06-22 16:00:00,2739.2,2697.0789373861
521,2017-06-22 17:00:00,2739.2,2704.1093682668
522,2017-06-22 18:00:00,2765,2706.3772733346
523,2017-06-22 19:00:00,2811.6,2718.8643697267
524,2017-06-22 20:00:00,2827.4,2734.8346221772
525,2017-06-22 21:00:00,2875.6,2753.4804818691
526,2017-06-22 22:00:00,2898.8,2775.4690098817
527,2017-06-22 23:00:00,2902.4,2800.975730662
528,2017-06-23 00:00:00,2916.6,2809.6643297951
529,2017-06-23 01:00:00,2923.8,2798.3169569746
530,2017-06-23 02:00:00,2920,2786.8017635318
531,2017-06-23 03:00:00,2891.4,2775.2942739139
532,2017-06-23 04:00:00,2871.8,2730.4186987858
533,2017-06-23 05:00:00,2834.2,2710.1196949949
534,2017-06-23 06:00:00,2845,2685.8475099117
535,2017-06-23 07:00:00,2824.2,2664.1194995988
536,2017-06-23 08:00:00,2772,2644.2491968501
537,2017-06-23 09:00:00,2742.6,2626.4260732162
538,2017-06-23 10:00:00,2738.8,2597.7582391233
539,2017-06-23 11:00:00,2710.2,2587.1049663849
540,2017-06-23 12:00:00,2694.4,2580.0255588476
541,2017-06-23 13:00:00,2673,2575.9822468744
542,2017-06-23 14:00:00,2732.8,2569.9157095949
543,2017-06-23 15:00:00,2746.8,2573.8900734254
544,2017-06-23 16:00:00,2714.2,2595.4327611488
545,2017-06-23 17:00:00,2742.4,2614.937657654
546,2017-06-23 18:00:00,2767.6,2634.2225385166
547,2017-06-23 19:00:00,2758.6,2664.0824692199
548,2017-06-23 20:00:00,2777.4,2697.868869754
549,2017-06-23 21:00:00,2826.6,2745.9546237784
550,2017-06-23 22:00:00,2872.2,2797.5113698602
551,2017-06-23 23:00:00,2856.6,2854.2324125984
552,2017-06-24 00:00:00,2879.4,2835.127414748
553,2017-06-24 01:00:00,2899.4,2810.6552917123
554,2017-06-24 02:00:00,2942,2785.0610383278
555,2017-06-24 03:00:00,2953.4,2760.8481370016
556,2017-06-24 04:00:00,2947.8,2731.9081825662
557,2017-06-24 05:00:00,2947.4,2701.8132078378
558,2017-06-24 06:00:00,2925.8,2672.5696151768
559,2017-06-24 07:00:00,2873.4,2650.444981732
560,2017-06-24 08:00:00,2761,2613.7621778271
561,2017-06-24 09:00:00,2690.2,2591.4247188979
562,2017-06-24 10:00:00,2632,2571.6369170011
563,2017-06-24 11:00:00,2590,2559.9686201449
564,2017-06-24 12:00:00,2588.6,2555.2120195899
565,2017-06-24 13:00:00,2655,2557.4180407033
566,2017-06-24 14:00:00,2800.4,2699.4203324423
567,2017-06-24 15:00:00,2779.6,2701.6961956003
568,2017-06-24 16:00:00,2789.8,2706.2615803961
569,2017-06-24 17:00:00,2805.8,2713.2920112768
570,2017-06-24 18:00:00,2850,2722.9630126896
571,2017-06-24 19:00:00,2898.4,2735.4501090816
572,2017-06-24 20:00:00,2922.2,2743.9027944777
573,2017-06-24 21:00:00,2916,2757.2991654253
574,2017-06-24 22:00:00,2920.2,2780.3414327033
575,2017-06-24 23:00:00,2933.8,2809.19876932
576,2017-06-25 00:00:00,2926.6,2801.7931657303
577,2017-06-25 01:00:00,2934.6,2790.4457929098
578,2017-06-25 02:00:00,2944.2,2778.930599467
579,2017-06-25 03:00:00,2934.6,2767.423109849
580,2017-06-25 04:00:00,2927.8,2751.0990583351
581,2017-06-25 05:00:00,2918,2736.9103012184
582,2017-06-25 06:00:00,2886.4,2726.479069758
583,2017-06-25 07:00:00,2851.4,2632.3554096432
584,2017-06-25 08:00:00,2761.4,2602.5242249296
585,2017-06-25 09:00:00,2659,2605.7487985583
586,2017-06-25 10:00:00,2667.2,2581.1851886632
587,2017-06-25 11:00:00,2645.6,2556.5638373999
588,2017-06-25 12:00:00,2578,2546.7688684375
589,2017-06-25 13:00:00,2581,2552.7759857875
590,2017-06-25 14:00:00,2618,2543.0939410796
591,2017-06-25 15:00:00,2660.2,2564.4505801594
592,2017-06-25 16:00:00,2675.6,2567.1068289544
593,2017-06-25 17:00:00,2741,2600.2805504823
594,2017-06-25 18:00:00,2815.6,2624.6634666536
595,2017-06-25 19:00:00,2871.2,2659.2864814452
596,2017-06-25 20:00:00,2889.6,2694.5139036526
597,2017-06-25 21:00:00,2900.2,2739.5246534565
598,2017-06-25 22:00:00,2921.6,2792.4497037298
599,2017-06-25 23:00:00,2924.2,2851.1218941758
600,2017-06-26 00:00:00,2925,2832.9837991196
601,2017-06-26 01:00:00,2924.4,2809.5708657408
602,2017-06-26 02:00:00,2918.4,2785.5167821317
603,2017-06-26 03:00:00,2876.8,2757.1744146371
604,2017-06-26 04:00:00,2695.4,2728.2890101769
605,2017-06-26 05:00:00,2570.4,2704.0338506246
606,2017-06-26 06:00:00,2666.2,2666.9206621879
607,2017-06-26 07:00:00,2745.6,2644.7960287431
608,2017-06-26 08:00:00,2676.6,2628.1894716904
609,2017-06-26 09:00:00,2665.2,2606.9908712849
610,2017-06-26 10:00:00,2654.8,2584.1217152737
611,2017-06-26 11:00:00,2635,2576.6060652725
612,2017-06-26 12:00:00,2559.2,2562.9459568818
613,2017-06-26 13:00:00,2352.2,2558.9026449086
614,2017-06-26 14:00:00,2321,2567.4684500633
615,2017-06-26 15:00:00,2392.4,2582.467230074
616,2017-06-26 16:00:00,2487.8,2588.8755279252
617,2017-06-26 17:00:00,2537,2607.920659182
618,2017-06-26 18:00:00,2672,2626.8856841794
619,2017-06-26 19:00:00,2746,2663.3816436217
620,2017-06-26 20:00:00,2813,2698.609065829
621,2017-06-26 21:00:00,2848.6,2741.7452962433
622,2017-06-26 22:00:00,2867,2793.072115848
623,2017-06-26 23:00:00,2877.4,2852.2500534331
624,2017-06-27 00:00:00,2883.2,2835.9021459107
625,2017-06-27 01:00:00,2884.4,2809.5708657408
626,2017-06-27 02:00:00,2873.4,2783.3638737675
627,2017-06-27 03:00:00,2810,2754.7622926313
628,2017-06-27 04:00:00,2623.8,2725.0916621321
629,2017-06-27 05:00:00,2503.6,2696.3096591902
630,2017-06-27 06:00:00,2599.8,2668.1258489929
631,2017-06-27 07:00:00,2734.8,2647.1690796302
632,2017-06-27 08:00:00,2705.2,2620.8513512926
633,2017-06-27 09:00:00,2689.6,2593.0026184563
634,2017-06-27 10:00:00,2712.4,2571.6369170011
635,2017-06-27 11:00:00,2689.4,2564.8748368912
636,2017-06-27 12:00:00,2596.2,2518.6258471151
637,2017-06-27 13:00:00,2442,2528.0788449106
638,2017-06-27 14:00:00,2426.2,2544.8333709116
639,2017-06-27 15:00:00,2470.8,2550.0129215471
640,2017-06-27 16:00:00,2533.8,2558.663677802
641,2017-06-27 17:00:00,2538.8,2569.3112430643
642,2017-06-27 18:00:00,2638.4,2601.8180466332
643,2017-06-27 19:00:00,2756.4,2642.7217539359
644,2017-06-27 20:00:00,2822.2,2685.936747004
645,2017-06-27 21:00:00,2861.6,2736.0122605198
646,2017-06-27 22:00:00,2877.4,2791.7881530995
647,2017-06-27 23:00:00,2896.4,2853.2243197836
648,2017-06-28 00:00:00,2901.4,2838.151021806
649,2017-06-28 01:00:00,2900.4,2813.1090701674
650,2017-06-28 02:00:00,2892.2,2786.5791202148
651,2017-06-28 03:00:00,2846.2,2758.9716201663
652,2017-06-28 04:00:00,2656.4,2729.6513864054
653,2017-06-28 05:00:00,2481,2688.1401525745
654,2017-06-28 06:00:00,2554.6,2635.95135477
655,2017-06-28 07:00:00,2625.4,2602.6302448215
656,2017-06-28 08:00:00,2609,2565.0897059257
657,2017-06-28 09:00:00,2546.8,2537.776432199
658,2017-06-28 10:00:00,2562.4,2524.7982716657
659,2017-06-28 11:00:00,2586,2505.6097553766
660,2017-06-28 12:00:00,2434.4,2501.281749043
661,2017-06-28 13:00:00,2287.8,2522.3394451361
662,2017-06-28 14:00:00,2247.2,2513.0041549071
663,2017-06-28 15:00:00,2312.4,2506.5790589567
664,2017-06-28 16:00:00,2437.6,2542.1144755908
665,2017-06-28 17:00:00,2446.4,2552.3465646675
666,2017-06-28 18:00:00,2562.6,2585.7926689111
667,2017-06-28 19:00:00,2714.2,2638.2687056967
668,2017-06-28 20:00:00,2814.6,2680.7521227826
669,2017-06-28 21:00:00,2864.2,2743.6127100004
670,2017-06-28 22:00:00,2890.2,2795.6047409914
671,2017-06-28 23:00:00,2889.4,2856.0332535799
672,2017-06-29 00:00:00,2898.2,2837.3782802908
673,2017-06-29 01:00:00,2902.4,2810.3306821899
674,2017-06-29 02:00:00,2904,2784.1236902166
675,2017-06-29 03:00:00,2850,2760.1770557022
676,2017-06-29 04:00:00,2643.6,2711.7817673461
677,2017-06-29 05:00:00,2499,2665.044124491
678,2017-06-29 06:00:00,2560.4,2630.4229153325
679,2017-06-29 07:00:00,2663.2,2596.8620429283
680,2017-06-29 08:00:00,2613.2,2567.0336423034
681,2017-06-29 09:00:00,2545.4,2524.9703539058
682,2017-06-29 10:00:00,2580.4,2498.7524770783
683,2017-06-29 11:00:00,2583.4,2487.0841802222
684,2017-06-29 12:00:00,2391,2467.1215154283
685,2017-06-29 13:00:00,2241.6,2479.6104659771
686,2017-06-29 14:00:00,2221,2488.4484305761
687,2017-06-29 15:00:00,2289.8,2488.4446035415
688,2017-06-29 16:00:00,2366.2,2505.804063015
689,2017-06-29 17:00:00,2353,2527.3038655816
690,2017-06-29 18:00:00,2507.6,2549.3137308658
691,2017-06-29 19:00:00,2656.8,2579.6056236918
692,2017-06-29 20:00:00,2735.2,2628.2841140091
693,2017-06-29 21:00:00,2799.8,2682.3694587816
694,2017-06-29 22:00:00,2849.2,2732.4123156378
695,2017-06-29 23:00:00,2871,2805.4954795861
696,2017-06-30 00:00:00,2882.2,2788.6413472784
697,2017-06-30 01:00:00,2881.8,2771.623548943
698,2017-06-30 02:00:00,2881,2758.1391140725
699,2017-06-30 03:00:00,2845.8,2727.4008953794
700,2017-06-30 04:00:00,2676.4,2695.1443222185
701,2017-06-30 05:00:00,2612.2,2661.4968524021
702,2017-06-30 06:00:00,2659.2,2624.7548782663
703,2017-06-30 07:00:00,2749,2583.2597216706
704,2017-06-30 08:00:00,2686,2561.2163400938
705,2017-06-30 09:00:00,2698.6,2526.7287790711
706,2017-06-30 10:00:00,2724,2510.0887687553
707,2017-06-30 11:00:00,2698.4,2485.6339660371
708,2017-06-30 12:00:00,2568.4,2486.9399802639
709,2017-06-30 13:00:00,2475,2476.4830508195
710,2017-06-30 14:00:00,2542.2,2484.961412103
711,2017-06-30 15:00:00,2613,2495.4138769281
712,2017-06-30 16:00:00,2651.4,2509.4490256107
713,2017-06-30 17:00:00,2658.4,2532.9695360135
714,2017-06-30 18:00:00,2751.4,2556.8949138353
715,2017-06-30 19:00:00,2749.4,2585.3138228654
716,2017-06-30 20:00:00,2718.8,2654.9674395861
717,2017-06-30 21:00:00,2769.6,2684.2927205176
718,2017-06-30 22:00:00,2796.2,2736.2492247546
719,2017-06-30 23:00:00,2813,2799.9670401486
