"station","hour_of_day","avg_availability","avg_delta"
1,0,19.09,-0.44
1,1,18.64,-0.47
1,2,18.48,-0.17
1,3,18.49,0.01
1,4,18.25,-0.06
1,5,17.95,-0.47
1,6,16.23,-1.72
1,7,13.97,-2.30
1,8,12.71,-1.26
1,9,12.73,0.02
1,10,13.26,0.53
1,11,13.77,0.52
1,12,15.01,1.24
1,13,17.21,2.20
1,14,17.95,0.73
1,15,19.60,1.66
1,16,21.58,1.98
1,17,23.52,1.93
1,18,25.20,1.65
1,19,24.88,-0.32
1,20,21.86,-3.00
1,21,20.63,-1.23
1,22,19.75,-0.88
1,23,18.99,-0.76
2,0,7.80,-0.24
2,1,7.02,-0.76
2,2,6.03,-1.27
2,3,5.79,-0.23
2,4,5.65,-0.15
2,5,5.78,0.14
2,6,5.88,0.10
2,7,5.26,-0.68
2,8,5.42,0.16
2,9,5.32,-0.09
2,10,4.93,-0.39
2,11,4.37,-0.56
2,12,3.91,-0.46
2,13,3.86,-0.05
2,14,3.58,-0.28
2,15,3.29,-0.30
2,16,3.99,0.70
2,17,6.05,2.07
2,18,6.53,0.45
2,19,6.60,0.07
2,20,7.36,0.85
2,21,7.09,-0.28
2,22,6.79,-0.29
2,23,6.74,-0.06
3,0,18.73,0.47
3,1,19.34,0.72
3,2,19.87,0.74
3,3,19.90,0.03
3,4,19.58,-0.22
3,5,19.02,-0.67
3,6,16.15,-2.86
3,7,7.14,-9.16
3,8,4.74,-2.41
3,9,4.46,-0.28
3,10,4.40,-0.06
3,11,4.00,-0.40
3,12,3.97,-0.04
3,13,3.92,-0.04
3,14,4.67,0.75
3,15,6.51,1.83
3,16,10.21,3.70
3,17,12.57,2.36
3,18,12.92,0.56
3,19,13.92,1.00
3,20,15.67,1.95
3,21,17.66,1.98
3,22,19.18,1.53
3,23,20.08,0.90
4,0,8.06,0.41
4,1,8.28,0.26
4,2,8.58,0.10
4,3,8.70,0.13
4,4,8.36,-0.34
4,5,7.86,-0.51
4,6,6.15,-1.71
4,7,3.59,-2.63
4,8,2.44,-1.16
4,9,2.66,0.22
4,10,2.50,-0.15
4,11,3.01,0.51
4,12,2.95,-0.06
4,13,3.55,0.60
4,14,3.99,0.44
4,15,5.16,1.17
4,16,5.75,0.59
4,17,5.78,0.03
4,18,4.26,-1.60
4,19,4.44,0.18
4,20,6.65,2.17
4,21,8.13,1.48
4,22,8.74,0.61
4,23,8.37,-0.38
5,0,21.39,0.89
5,1,21.96,0.50
5,2,22.82,1.54
5,3,23.17,0.35
5,4,22.68,-0.45
5,5,20.98,-1.75
5,6,15.86,-5.12
5,7,12.68,-3.23
5,8,13.89,1.22
5,9,14.77,0.88
5,10,12.78,-2.00
5,11,10.30,-2.47
5,12,9.68,-0.62
5,13,9.30,-0.38
5,14,9.47,0.17
5,15,7.54,-1.93
5,16,6.66,-0.89
5,17,7.78,1.13
5,18,9.00,1.11
5,19,11.34,2.34
5,20,14.21,2.86
5,21,17.20,2.99
5,22,19.21,2.00
5,23,20.65,1.45
6,0,11.09,-0.14
6,1,11.28,0.07
6,2,11.26,0.12
6,3,10.89,-0.37
6,4,10.03,-0.60
6,5,10.20,-0.10
6,6,9.81,-0.39
6,7,10.05,0.33
6,8,12.78,2.73
6,9,12.74,-0.04
6,10,12.39,-0.35
6,11,13.92,1.53
6,12,13.69,-0.23
6,13,14.10,0.42
6,14,12.61,-1.50
6,15,8.45,-4.15
6,16,7.74,-0.71
6,17,8.18,0.44
6,18,9.70,1.36
6,19,10.57,0.87
6,20,11.55,0.77
6,21,11.45,-0.09
6,22,11.15,-0.30
6,23,10.44,-0.71
7,0,3.74,0.01
7,1,3.66,-0.14
7,2,3.52,-0.06
7,3,3.17,-0.35
7,4,2.88,-0.29
7,5,2.60,-0.29
7,6,2.62,0.03
7,7,2.59,0.00
7,8,2.53,-0.06
7,9,2.50,-0.03
7,10,3.10,0.59
7,11,3.49,0.39
7,12,3.91,0.42
7,13,3.86,-0.05
7,14,3.61,-0.25
7,15,3.62,0.00
7,16,3.69,0.07
7,17,4.01,0.33
7,18,4.26,0.19
7,19,4.03,-0.23
7,20,4.02,-0.09
7,21,4.11,0.09
7,22,4.01,-0.10
7,23,4.44,0.43
8,0,3.09,0.34
8,1,3.14,-0.01
8,2,2.18,-0.86
8,3,1.72,-0.46
8,4,1.70,-0.06
8,5,1.97,0.30
8,6,3.13,1.16
8,7,8.07,5.00
8,8,15.13,7.06
8,9,16.35,1.22
8,10,15.73,-0.62
8,11,15.52,-0.21
8,12,15.47,-0.05
8,13,15.27,-0.20
8,14,13.30,-1.97
8,15,9.28,-4.02
8,16,5.75,-3.53
8,17,4.29,-1.47
8,18,3.33,-1.03
8,19,2.88,-0.45
8,20,2.99,0.09
8,21,2.48,-0.51
8,22,1.88,-0.60
8,23,1.58,-0.30
9,0,4.74,0.02
9,1,4.18,-0.64
9,2,2.74,-1.30
9,3,1.96,-0.78
9,4,2.27,0.27
9,5,3.45,1.22
9,6,6.14,2.69
9,7,14.91,8.87
9,8,28.64,13.74
9,9,31.97,3.32
9,10,32.07,0.10
9,11,32.83,0.76
9,12,32.72,-0.11
9,13,32.91,0.19
9,14,30.11,-2.80
9,15,23.05,-7.06
9,16,14.31,-8.74
9,17,8.56,-5.75
9,18,6.90,-1.81
9,19,4.67,-2.22
9,20,3.56,-1.08
9,21,2.89,-0.68
9,22,2.05,-0.84
9,23,1.76,-0.28
10,0,4.55,0.09
10,1,4.36,-0.16
10,2,3.97,-0.23
10,3,3.71,-0.27
10,4,3.42,-0.18
10,5,3.56,0.04
10,6,6.65,3.09
10,7,13.32,6.68
10,8,20.00,6.68
10,9,22.18,2.18
10,10,22.26,0.08
10,11,21.92,-0.33
10,12,21.04,-0.89
10,13,19.45,-1.59
10,14,16.00,-3.45
10,15,11.02,-4.98
10,16,7.21,-3.81
10,17,5.78,-1.43
10,18,5.10,-0.75
10,19,4.48,-0.63
10,20,4.00,-0.51
10,21,3.81,-0.19
10,22,3.79,-0.02
10,23,3.73,-0.06
11,0,7.20,-0.56
11,1,7.04,-0.31
11,2,6.22,-0.59
11,3,5.73,-0.49
11,4,5.86,0.04
11,5,5.82,0.06
11,6,8.02,2.20
11,7,18.33,10.46
11,8,31.86,13.53
11,9,36.28,4.42
11,10,35.79,-0.48
11,11,35.33,-0.46
11,12,35.28,-0.06
11,13,36.39,1.11
11,14,32.21,-4.18
11,15,23.03,-9.18
11,16,15.45,-7.58
11,17,12.66,-2.80
11,18,10.92,-1.98
11,19,8.25,-2.67
11,20,6.42,-1.94
11,21,5.48,-0.94
11,22,4.54,-0.94
11,23,3.99,-0.55
12,0,7.28,-0.46
12,1,7.14,-0.09
12,2,6.92,-0.01
12,3,6.59,-0.32
12,4,6.31,-0.16
12,5,6.70,0.26
12,6,7.38,0.68
12,7,10.15,2.71
12,8,13.27,3.12
12,9,14.29,1.03
12,10,14.69,0.40
12,11,14.93,0.24
12,12,15.91,0.97
12,13,16.26,0.35
12,14,16.10,-0.16
12,15,14.98,-1.12
12,16,14.50,-0.49
12,17,14.78,0.29
12,18,15.28,0.23
12,19,13.29,-1.99
12,20,10.27,-3.03
12,21,8.60,-1.67
12,22,6.85,-1.74
12,23,6.36,-0.50
13,0,15.65,0.47
13,1,16.08,0.50
13,2,16.52,0.76
13,3,16.76,0.24
13,4,16.74,0.08
13,5,15.88,-0.96
13,6,13.84,-2.05
13,7,12.74,-1.19
13,8,12.61,-0.13
13,9,11.85,-0.76
13,10,10.79,-1.06
13,11,9.91,-0.88
13,12,9.12,-0.79
13,13,8.90,-0.23
13,14,9.60,0.71
13,15,9.65,0.05
13,16,9.97,0.32
13,17,10.87,0.90
13,18,11.56,0.95
13,19,11.97,0.41
13,20,13.27,1.36
13,21,14.47,1.19
13,22,15.23,0.77
13,23,15.62,0.38
14,0,4.22,-0.17
14,1,3.92,-0.36
14,2,3.08,-1.27
14,3,2.64,-0.44
14,4,2.69,0.02
14,5,2.76,0.11
14,6,3.88,1.12
14,7,9.08,5.26
14,8,15.94,6.86
14,9,20.43,4.49
14,10,22.04,1.60
14,11,23.93,1.89
14,12,25.19,1.26
14,13,25.58,0.39
14,14,24.43,-1.15
14,15,20.44,-3.98
14,16,15.48,-4.96
14,17,12.46,-3.03
14,18,10.53,-2.15
14,19,8.82,-1.71
14,20,7.02,-1.87
14,21,5.77,-1.25
14,22,3.93,-1.84
14,23,3.11,-0.83
15,0,7.55,0.13
15,1,7.46,0.05
15,2,7.35,0.08
15,3,7.20,-0.15
15,4,7.22,-0.05
15,5,7.06,-0.10
15,6,6.70,-0.36
15,7,7.67,0.83
15,8,7.90,0.23
15,9,7.43,-0.47
15,10,6.61,-0.81
15,11,6.13,-0.48
15,12,6.23,0.10
15,13,6.40,0.18
15,14,6.18,-0.23
15,15,4.63,-1.55
15,16,4.48,-0.15
15,17,4.42,-0.06
15,18,4.91,0.42
15,19,5.30,0.39
15,20,6.00,0.73
15,21,7.17,1.18
15,22,7.73,0.55
15,23,7.90,0.17
16,0,16.83,0.28
16,1,16.91,0.09
16,2,17.55,0.88
16,3,17.57,0.02
16,4,17.10,-0.24
16,5,16.33,-1.01
16,6,13.26,-3.06
16,7,7.68,-5.65
16,8,6.42,-1.26
16,9,6.77,0.35
16,10,6.18,-0.59
16,11,6.09,-0.09
16,12,6.53,0.44
16,13,7.13,0.60
16,14,8.81,1.68
16,15,10.78,1.97
16,16,13.37,2.59
16,17,14.72,1.36
16,18,15.14,0.55
16,19,15.19,0.05
16,20,15.27,0.14
16,21,16.20,0.93
16,22,17.69,1.49
16,23,18.60,0.91
17,0,1.78,-0.35
17,1,1.61,-0.14
17,2,1.50,-0.58
17,3,1.38,-0.12
17,4,1.29,-0.06
17,5,1.27,-0.06
17,6,1.64,0.37
17,7,4.98,3.31
17,8,9.70,4.73
17,9,13.28,3.58
17,10,14.84,1.55
17,11,15.23,0.40
17,12,15.57,0.34
17,13,16.02,0.45
17,14,13.68,-2.34
17,15,9.54,-4.14
17,16,5.88,-3.65
17,17,4.46,-1.43
17,18,3.91,-0.58
17,19,5.00,1.10
17,20,5.05,-0.01
17,21,4.51,-0.54
17,22,3.67,-0.84
17,23,3.06,-0.62
18,0,1.84,-0.36
18,1,1.51,-0.34
18,2,1.31,-0.20
18,3,1.25,-0.06
18,4,1.54,0.27
18,5,2.06,0.55
18,6,3.72,1.66
18,7,7.33,3.67
18,8,13.27,5.93
18,9,17.76,4.50
18,10,19.70,1.93
18,11,22.23,2.53
18,12,24.29,2.07
18,13,24.13,-0.16
18,14,22.13,-2.00
18,15,19.70,-2.44
18,16,14.49,-5.21
18,17,8.91,-5.58
18,18,6.38,-2.70
18,19,5.25,-1.12
18,20,4.16,-1.17
18,21,3.26,-0.90
18,22,2.55,-0.71
18,23,2.06,-0.50
19,0,2.08,-1.11
19,1,1.33,-0.76
19,2,0.83,-0.48
19,3,0.76,-0.07
19,4,1.75,0.98
19,5,2.39,0.67
19,6,3.33,0.94
19,7,3.63,0.33
19,8,6.34,2.72
19,9,9.48,3.13
19,10,11.57,2.10
19,11,13.88,2.31
19,12,15.59,1.71
19,13,16.10,0.52
19,14,17.74,1.64
19,15,17.86,0.11
19,16,16.33,-1.53
19,17,11.68,-4.65
19,18,8.36,-3.53
19,19,5.34,-3.02
19,20,4.09,-1.12
19,21,3.03,-1.06
19,22,2.63,-0.40
19,23,2.37,-0.26
20,0,5.99,-0.74
20,1,4.51,-1.01
20,2,3.65,-1.17
20,3,3.26,-0.39
20,4,3.94,0.62
20,5,4.14,0.28
20,6,3.58,-0.56
20,7,1.90,-2.16
20,8,2.58,0.68
20,9,3.29,0.71
20,10,4.85,1.56
20,11,6.47,1.62
20,12,7.47,1.00
20,13,9.23,1.76
20,14,13.34,4.11
20,15,20.97,7.63
20,16,22.58,1.61
20,17,19.67,-2.91
20,18,16.56,-2.95
20,19,13.09,-3.47
20,20,9.91,-2.68
20,21,8.10,-1.81
20,22,6.95,-1.14
20,23,6.16,-0.79
21,0,4.27,-0.72
21,1,3.92,-0.44
21,2,3.28,-1.46
21,3,3.08,-0.20
21,4,4.58,1.44
21,5,4.90,0.42
21,6,4.34,-0.56
21,7,6.29,2.03
21,8,6.14,-0.58
21,9,5.77,-0.37
21,10,8.10,2.33
21,11,10.70,2.60
21,12,13.58,2.88
21,13,16.05,2.47
21,14,23.03,6.98
21,15,29.81,6.78
21,16,24.15,-5.65
21,17,20.30,-3.85
21,18,15.02,-5.62
21,19,11.34,-3.68
21,20,9.36,-2.13
21,21,6.56,-2.80
21,22,4.58,-1.98
21,23,3.59,-0.99
22,0,1.57,-0.80
22,1,1.22,-0.34
22,2,0.90,-0.36
22,3,0.81,-0.10
22,4,1.88,1.06
22,5,2.95,1.10
22,6,2.92,-0.02
22,7,2.52,-0.38
22,8,3.81,1.29
22,9,6.18,2.37
22,10,9.08,2.90
22,11,11.74,2.66
22,12,13.52,1.78
22,13,15.05,1.53
22,14,15.27,0.21
22,15,16.03,0.77
22,16,14.31,-1.73
22,17,10.32,-3.99
22,18,7.03,-3.44
22,19,4.78,-2.25
22,20,3.23,-1.32
22,21,2.35,-0.88
22,22,1.74,-0.61
22,23,1.34,-0.40
23,0,1.32,-0.19
23,1,0.98,-0.37
23,2,0.61,-0.39
23,3,0.45,-0.16
23,4,0.65,0.20
23,5,1.10,0.46
23,6,1.65,0.54
23,7,4.37,2.76
23,8,6.95,2.58
23,9,8.33,1.38
23,10,10.43,2.09
23,11,13.01,2.58
23,12,14.73,1.73
23,13,15.24,0.51
23,14,15.37,0.13
23,15,15.62,0.25
23,16,11.85,-3.76
23,17,7.59,-4.26
23,18,4.39,-3.30
23,19,3.00,-1.39
23,20,2.01,-1.01
23,21,1.31,-0.70
23,22,1.04,-0.27
23,23,0.91,-0.13
24,0,1.52,-0.40
24,1,0.87,-0.68
24,2,0.53,-0.37
24,3,0.41,-0.13
24,4,0.48,0.06
24,5,1.08,0.61
24,6,2.30,1.22
24,7,6.29,4.03
24,8,10.74,4.46
24,9,13.10,2.35
24,10,14.28,1.19
24,11,15.68,1.39
24,12,15.44,-0.23
24,13,15.37,-0.07
24,14,14.86,-0.51
24,15,12.51,-2.35
24,16,9.09,-3.42
24,17,5.56,-3.53
24,18,3.81,-1.84
24,19,2.78,-1.03
24,20,1.73,-1.02
24,21,1.27,-0.46
24,22,0.95,-0.32
24,23,0.52,-0.43
25,0,1.70,-0.32
25,1,1.38,-0.34
25,2,1.39,-0.01
25,3,1.31,-0.08
25,4,1.52,0.18
25,5,1.93,0.44
25,6,2.73,0.80
25,7,4.11,1.41
25,8,5.67,1.56
25,9,6.72,1.05
25,10,8.78,2.06
25,11,9.92,1.14
25,12,9.74,-0.18
25,13,9.02,-0.72
25,14,9.39,0.37
25,15,10.26,0.87
25,16,8.55,-1.71
25,17,6.28,-2.28
25,18,4.13,-2.25
25,19,2.87,-1.27
25,20,2.16,-0.73
25,21,1.88,-0.28
25,22,1.75,-0.13
25,23,1.53,-0.22
26,0,1.38,0.03
26,1,1.46,0.10
26,2,1.22,-0.21
26,3,1.20,-0.02
26,4,1.25,0.07
26,5,1.94,0.67
26,6,3.07,1.13
26,7,4.69,1.64
26,8,4.34,-0.35
26,9,6.02,1.68
26,10,6.96,0.94
26,11,7.06,0.10
26,12,6.71,-0.35
26,13,6.13,-0.58
26,14,5.56,-0.57
26,15,4.87,-0.69
26,16,3.74,-1.12
26,17,3.43,-0.32
26,18,3.46,0.00
26,19,3.14,-0.32
26,20,1.96,-1.20
26,21,1.38,-0.58
26,22,1.16,-0.22
26,23,0.99,-0.17
27,0,0.93,0.16
27,1,0.50,-0.41
27,2,0.32,-0.21
27,3,0.30,-0.02
27,4,0.51,0.21
27,5,0.85,0.35
27,6,1.06,0.21
27,7,2.45,1.37
27,8,5.23,2.79
27,9,6.59,1.36
27,10,7.11,0.52
27,11,7.32,0.21
27,12,6.80,-0.52
27,13,6.46,-0.34
27,14,5.37,-1.09
27,15,3.82,-1.55
27,16,2.13,-1.69
27,17,1.40,-0.72
27,18,1.10,-0.33
27,19,1.18,0.08
27,20,1.43,0.24
27,21,0.99,-0.44
27,22,0.63,-0.35
27,23,0.59,-0.04
28,0,1.64,0.00
28,1,1.77,0.09
28,2,1.47,-0.27
28,3,1.21,-0.25
28,4,1.05,-0.19
28,5,0.97,-0.06
28,6,1.43,0.45
28,7,1.63,0.23
28,8,1.71,0.08
28,9,2.26,0.56
28,10,2.39,0.13
28,11,2.71,0.32
28,12,2.98,0.26
28,13,2.45,-0.53
28,14,2.54,0.09
28,15,2.66,0.12
28,16,2.27,-0.40
28,17,2.43,0.17
28,18,2.78,0.31
28,19,2.84,0.06
28,20,3.06,0.18
28,21,2.30,-0.76
28,22,1.98,-0.32
28,23,1.76,-0.22
29,0,7.49,0.15
29,1,7.67,0.09
29,2,7.35,-0.05
29,3,6.91,-0.45
29,4,6.50,-0.45
29,5,6.01,-0.46
29,6,6.76,0.76
29,7,12.77,6.08
29,8,16.18,3.41
29,9,17.69,1.51
29,10,16.29,-1.40
29,11,13.73,-2.56
29,12,12.12,-1.61
29,13,11.17,-0.95
29,14,7.46,-3.71
29,15,3.43,-4.03
29,16,2.73,-0.69
29,17,3.23,0.49
29,18,4.11,0.83
29,19,5.20,1.08
29,20,6.91,1.64
29,21,7.49,0.58
29,22,7.40,-0.09
29,23,7.01,-0.39
30,0,4.37,0.04
30,1,4.71,0.29
30,2,5.07,0.51
30,3,5.41,0.34
30,4,5.37,-0.13
30,5,4.90,-0.38
30,6,9.67,4.77
30,7,19.92,10.39
30,8,26.87,6.95
30,9,27.97,1.10
30,10,25.62,-2.34
30,11,22.84,-2.79
30,12,21.83,-1.01
30,13,22.29,0.46
30,14,19.36,-2.93
30,15,10.90,-8.46
30,16,6.97,-3.92
30,17,5.70,-1.28
30,18,5.14,-0.67
30,19,4.25,-0.88
30,20,3.88,-0.46
30,21,3.92,0.04
30,22,3.74,-0.18
30,23,4.16,0.42
31,0,9.93,0.93
31,1,9.91,0.12
31,2,9.52,-0.04
31,3,8.65,-0.88
31,4,8.14,-0.48
31,5,7.56,-0.61
31,6,5.25,-2.32
31,7,3.84,-1.63
31,8,4.46,0.62
31,9,4.26,-0.20
31,10,3.22,-1.04
31,11,2.01,-1.21
31,12,3.12,1.11
31,13,3.51,0.39
31,14,4.16,0.64
31,15,3.73,-0.43
31,16,2.83,-0.90
31,17,2.90,0.07
31,18,3.77,0.82
31,19,4.76,1.00
31,20,5.94,1.25
31,21,7.39,1.45
31,22,8.16,0.77
31,23,8.30,0.14
32,0,1.36,-0.16
32,1,1.43,0.03
32,2,1.20,-0.19
32,3,1.05,-0.15
32,4,1.19,0.14
32,5,1.32,0.13
32,6,1.24,-0.08
32,7,1.65,0.43
32,8,1.28,-0.37
32,9,1.84,0.55
32,10,1.89,0.05
32,11,2.48,0.60
32,12,3.02,0.53
32,13,3.05,0.03
32,14,3.46,0.41
32,15,3.77,0.31
32,16,3.21,-0.56
32,17,3.31,0.09
32,18,2.65,-0.68
32,19,2.29,-0.36
32,20,2.63,0.31
32,21,2.62,-0.01
32,22,2.21,-0.41
32,23,1.87,-0.34
33,0,4.31,0.19
33,1,4.33,-0.06
33,2,3.80,-0.44
33,3,3.33,-0.47
33,4,3.23,-0.17
33,5,2.81,-0.35
33,6,2.27,-0.54
33,7,2.06,-0.16
33,8,2.48,0.42
33,9,2.43,-0.05
33,10,2.61,0.18
33,11,2.90,0.30
33,12,3.47,0.56
33,13,3.03,-0.44
33,14,2.44,-0.59
33,15,3.42,0.98
33,16,3.69,0.27
33,17,3.57,-0.12
33,18,3.59,-0.03
33,19,3.79,0.20
33,20,3.28,-0.51
33,21,3.33,0.05
33,22,4.47,1.14
33,23,4.64,0.17
34,0,1.66,-0.14
34,1,1.49,-0.20
34,2,1.03,-0.51
34,3,0.96,-0.07
34,4,0.93,-0.05
34,5,0.93,0.01
34,6,1.26,0.34
34,7,2.09,0.85
34,8,2.09,0.01
34,9,1.89,-0.21
34,10,2.31,0.42
34,11,2.48,0.18
34,12,2.54,0.06
34,13,3.01,0.47
34,14,2.76,-0.26
34,15,2.38,-0.38
34,16,2.98,0.60
34,17,3.40,0.42
34,18,3.65,0.24
34,19,2.96,-0.69
34,20,2.47,-0.53
34,21,1.86,-0.61
34,22,1.79,-0.07
34,23,1.63,-0.17
36,0,15.87,0.93
36,1,16.16,0.40
36,2,16.20,0.43
36,3,16.47,0.27
36,4,16.21,-0.39
36,5,15.23,-0.86
36,6,11.75,-3.48
36,7,6.46,-5.47
36,8,4.35,-2.11
36,9,3.83,-0.51
36,10,3.49,-0.34
36,11,2.90,-0.59
36,12,2.83,-0.07
36,13,3.75,0.92
36,14,5.07,1.32
36,15,7.23,2.17
36,16,10.44,3.21
36,17,11.80,1.36
36,18,11.87,0.04
36,19,11.46,-0.40
36,20,12.98,1.48
36,21,14.49,1.51
36,22,16.10,1.61
36,23,16.47,0.37
37,0,11.71,0.30
37,1,11.79,0.21
37,2,11.46,-0.36
37,3,10.63,-0.84
37,4,10.28,-0.34
37,5,10.06,-0.24
37,6,8.46,-1.60
37,7,4.42,-4.22
37,8,3.17,-1.26
37,9,3.17,0.00
37,10,3.23,0.06
37,11,2.75,-0.48
37,12,3.00,0.26
37,13,2.70,-0.30
37,14,3.05,0.34
37,15,4.72,1.67
37,16,7.03,2.31
37,17,7.96,0.93
37,18,8.69,0.60
37,19,10.13,1.44
37,20,10.94,0.94
37,21,11.54,0.60
37,22,11.97,0.42
37,23,11.87,-0.10
38,0,8.36,0.46
38,1,8.88,0.41
38,2,9.12,0.40
38,3,9.25,0.13
38,4,9.33,0.00
38,5,8.59,-0.65
38,6,7.54,-1.05
38,7,4.63,-2.83
38,8,2.95,-1.68
38,9,3.14,0.19
38,10,3.05,-0.09
38,11,3.17,0.12
38,12,2.93,-0.25
38,13,2.50,-0.42
38,14,2.68,0.18
38,15,3.45,0.77
38,16,5.05,1.60
38,17,6.00,0.95
38,18,6.89,0.95
38,19,7.36,0.47
38,20,8.22,0.73
38,21,8.57,0.35
38,22,8.83,0.26
38,23,8.94,0.11
39,0,11.21,0.16
39,1,10.77,-0.04
39,2,10.49,-0.27
39,3,10.31,-0.18
39,4,10.42,0.01
39,5,10.39,0.07
39,6,10.97,0.57
39,7,8.92,-2.44
39,8,7.18,-1.74
39,9,7.55,0.37
39,10,7.41,-0.14
39,11,6.78,-0.63
39,12,6.98,0.21
39,13,7.27,0.29
39,14,7.91,0.64
39,15,10.04,2.13
39,16,12.68,2.64
39,17,16.05,3.37
39,18,16.12,0.64
39,19,15.90,-0.22
39,20,13.85,-1.79
39,21,11.75,-2.09
39,22,10.67,-1.09
39,23,10.52,-0.15
40,0,16.15,-0.43
40,1,15.49,-0.57
40,2,14.34,-1.87
40,3,13.77,-0.57
40,4,13.18,-0.47
40,5,13.01,-0.30
40,6,13.49,0.48
40,7,15.63,1.99
40,8,15.46,-0.17
40,9,14.05,-1.40
40,10,12.44,-1.62
40,11,11.59,-0.85
40,12,11.60,0.01
40,13,11.03,-0.57
40,14,9.61,-1.42
40,15,7.87,-1.74
40,16,9.22,1.35
40,17,11.38,2.17
40,18,12.91,1.55
40,19,13.78,0.87
40,20,14.26,0.70
40,21,14.69,0.44
40,22,15.10,0.41
40,23,14.71,-0.39
41,0,30.01,0.03
41,1,29.20,-0.77
41,2,28.58,-0.39
41,3,28.32,-0.26
41,4,27.94,-0.27
41,5,27.44,-0.61
41,6,25.15,-2.29
41,7,19.93,-5.35
41,8,12.22,-7.71
41,9,10.08,-2.15
41,10,9.49,-0.59
41,11,8.73,-0.75
41,12,8.55,-0.18
41,13,7.85,-0.70
41,14,8.15,0.30
41,15,10.87,2.72
41,16,16.20,5.33
41,17,22.35,6.15
41,18,25.65,3.51
41,19,25.90,0.25
41,20,26.65,0.73
41,21,28.46,1.81
41,22,29.53,1.07
41,23,29.23,-0.30
42,0,9.94,-1.23
42,1,8.35,-1.69
42,2,7.78,-1.05
42,3,7.36,-0.42
42,4,7.19,-0.10
42,5,6.85,-0.42
42,6,5.99,-0.86
42,7,4.17,-1.80
42,8,3.72,-0.45
42,9,3.72,-0.01
42,10,3.78,0.06
42,11,4.04,0.26
42,12,4.66,0.62
42,13,4.26,-0.40
42,14,4.36,0.10
42,15,4.46,0.10
42,16,5.18,0.71
42,17,6.03,0.85
42,18,7.11,1.32
42,19,7.85,0.74
42,20,9.82,1.95
42,21,10.39,0.57
42,22,10.95,0.56
42,23,11.17,0.22
43,0,6.35,-0.07
43,1,5.41,-0.91
43,2,5.20,-0.38
43,3,5.04,-0.16
43,4,4.80,-0.17
43,5,3.99,-0.87
43,6,2.57,-1.42
43,7,1.50,-1.18
43,8,1.21,-0.29
43,9,1.80,0.59
43,10,1.79,-0.01
43,11,1.61,-0.18
43,12,2.57,0.97
43,13,2.15,-0.42
43,14,2.97,0.82
43,15,3.42,0.44
43,16,3.56,0.15
43,17,4.01,0.45
43,18,4.25,0.17
43,19,4.77,0.53
43,20,6.30,1.48
43,21,7.61,1.30
43,22,7.52,-0.09
43,23,7.30,-0.22
44,0,5.04,-1.90
44,1,3.59,-1.54
44,2,3.60,0.13
44,3,3.48,-0.12
44,4,3.70,0.27
44,5,3.75,0.01
44,6,3.60,-0.15
44,7,2.11,-1.44
44,8,1.68,-0.43
44,9,2.04,0.36
44,10,2.08,0.05
44,11,2.57,0.48
44,12,2.63,0.07
44,13,3.24,0.61
44,14,5.45,2.21
44,15,5.73,0.28
44,16,5.42,-0.32
44,17,5.26,-0.16
44,18,5.56,0.24
44,19,7.01,1.45
44,20,7.93,0.98
44,21,7.27,-0.66
44,22,5.75,-1.52
44,23,5.19,-0.56
45,0,7.02,-0.72
45,1,6.05,-0.95
45,2,5.82,-0.05
45,3,5.87,0.05
45,4,5.44,-0.41
45,5,4.36,-1.10
45,6,3.47,-0.90
45,7,2.38,-1.18
45,8,2.40,0.02
45,9,2.41,0.01
45,10,1.66,-0.75
45,11,1.87,0.21
45,12,2.97,1.10
45,13,3.15,0.18
45,14,4.08,0.93
45,15,3.31,-0.77
45,16,3.43,0.13
45,17,3.91,0.48
45,18,4.84,0.87
45,19,6.54,1.70
45,20,6.63,0.16
45,21,6.95,0.32
45,22,7.17,0.22
45,23,6.57,-0.60
46,0,5.29,0.20
46,1,4.88,-0.30
46,2,4.80,0.08
46,3,4.91,0.11
46,4,4.70,-0.12
46,5,4.37,-0.42
46,6,3.07,-1.30
46,7,1.65,-1.57
46,8,1.25,-0.41
46,9,1.17,-0.08
46,10,1.46,0.29
46,11,1.45,-0.01
46,12,1.79,0.34
46,13,2.26,0.47
46,14,2.43,0.17
46,15,3.02,0.59
46,16,3.54,0.53
46,17,4.21,0.66
46,18,4.90,0.65
46,19,5.50,0.60
46,20,5.30,-0.15
46,21,4.78,-0.52
46,22,5.05,0.27
46,23,5.09,0.04
47,0,5.56,-0.44
47,1,5.34,-0.23
47,2,4.99,-0.25
47,3,4.88,-0.11
47,4,4.98,0.12
47,5,5.62,0.63
47,6,6.86,1.24
47,7,9.32,2.49
47,8,12.25,2.93
47,9,14.52,2.28
47,10,16.72,2.20
47,11,17.78,1.06
47,12,18.18,0.40
47,13,19.02,0.84
47,14,18.09,-0.93
47,15,16.71,-1.38
47,16,15.21,-1.50
47,17,14.26,-0.96
47,18,13.26,-1.28
47,19,10.45,-2.81
47,20,7.04,-3.40
47,21,5.12,-1.92
47,22,4.18,-0.94
47,23,3.99,-0.19
48,0,10.49,0.26
48,1,10.61,0.17
48,2,10.57,0.08
48,3,10.70,0.14
48,4,10.84,0.04
48,5,10.93,0.19
48,6,11.38,0.45
48,7,10.89,-0.53
48,8,11.10,0.21
48,9,11.11,0.02
48,10,10.37,-0.74
48,11,10.06,-0.31
48,12,10.10,0.03
48,13,10.06,-0.03
48,14,9.67,-0.39
48,15,9.94,0.28
48,16,9.59,-0.35
48,17,9.23,-0.36
48,18,9.08,-0.32
48,19,8.94,-0.14
48,20,8.09,-0.73
48,21,8.05,-0.04
48,22,9.14,1.09
48,23,9.67,0.53
50,0,14.08,0.34
50,1,14.04,0.19
50,2,14.51,0.63
50,3,14.63,0.12
50,4,14.62,-0.06
50,5,14.20,-0.36
50,6,13.25,-0.95
50,7,11.45,-2.03
50,8,9.57,-1.88
50,9,8.99,-0.58
50,10,8.75,-0.24
50,11,8.17,-0.58
50,12,7.95,-0.22
50,13,8.15,0.20
50,14,8.11,-0.04
50,15,8.49,0.38
50,16,10.19,1.70
50,17,10.80,0.62
50,18,10.53,-0.11
50,19,10.97,0.45
50,20,11.85,1.16
50,21,13.16,1.31
50,22,14.05,0.89
50,23,14.51,0.47
51,0,13.86,0.42
51,1,14.22,0.37
51,2,14.53,0.20
51,3,14.69,0.16
51,4,14.78,0.04
51,5,14.65,-0.08
51,6,14.24,-0.40
51,7,12.43,-1.81
51,8,10.12,-2.31
51,9,9.05,-1.07
51,10,8.34,-0.71
51,11,7.83,-0.51
51,12,7.69,-0.13
51,13,7.61,-0.09
51,14,7.59,-0.02
51,15,7.70,0.12
51,16,8.46,0.76
51,17,9.34,0.88
51,18,10.22,1.05
51,19,11.32,1.10
51,20,11.97,0.69
51,21,12.70,0.73
51,22,13.32,0.61
51,23,13.81,0.49
52,0,16.88,0.17
52,1,17.15,0.19
52,2,17.05,-0.20
52,3,17.25,0.20
52,4,17.52,0.14
52,5,17.48,0.09
52,6,16.89,-0.59
52,7,15.17,-1.64
52,8,15.60,0.43
52,9,15.74,0.14
52,10,15.83,0.08
52,11,15.07,-0.75
52,12,14.87,-0.21
52,13,14.80,-0.07
52,14,14.05,-0.75
52,15,12.70,-1.34
52,16,12.41,-0.30
52,17,13.43,1.02
52,18,14.14,0.78
52,19,14.73,0.59
52,20,15.14,0.42
52,21,15.95,0.81
52,22,16.61,0.66
52,23,17.17,0.57
53,0,13.75,0.23
53,1,14.09,0.35
53,2,14.22,0.05
53,3,14.36,0.15
53,4,14.43,0.12
53,5,14.03,-0.45
53,6,12.67,-1.36
53,7,12.48,-0.22
53,8,12.90,0.42
53,9,12.59,-0.30
53,10,11.71,-0.88
53,11,11.02,-0.69
53,12,10.93,-0.10
53,13,10.47,-0.46
53,14,10.25,-0.22
53,15,9.69,-0.56
53,16,9.70,0.01
53,17,9.97,0.27
53,18,10.50,0.75
53,19,11.24,0.74
53,20,11.91,0.63
53,21,12.72,0.81
53,22,13.48,0.76
53,23,13.64,0.16
54,0,17.93,0.62
54,1,18.09,0.32
54,2,18.56,0.25
54,3,18.85,0.28
54,4,19.01,0.10
54,5,18.87,-0.07
54,6,17.81,-1.06
54,7,14.97,-3.00
54,8,12.61,-2.36
54,9,11.61,-1.00
54,10,10.70,-0.90
54,11,10.08,-0.63
54,12,9.44,-0.64
54,13,8.91,-0.53
54,14,8.31,-0.60
54,15,8.77,0.46
54,16,10.59,1.82
54,17,11.56,0.98
54,18,13.05,1.73
54,19,14.70,1.65
54,20,16.24,1.72
54,21,17.45,1.21
54,22,18.12,0.68
54,23,18.57,0.45
55,0,7.38,0.33
55,1,7.52,0.23
55,2,8.03,0.24
55,3,8.25,0.22
55,4,8.47,0.17
55,5,8.11,-0.31
55,6,7.65,-0.46
55,7,6.74,-0.99
55,8,5.98,-0.76
55,9,5.52,-0.47
55,10,5.26,-0.26
55,11,4.95,-0.31
55,12,4.55,-0.40
55,13,4.19,-0.36
55,14,4.07,-0.12
55,15,4.40,0.33
55,16,5.37,0.97
55,17,5.96,0.59
55,18,6.05,0.01
55,19,6.22,0.17
55,20,6.48,0.34
55,21,6.92,0.44
55,22,7.38,0.45
55,23,7.49,0.12
56,0,9.13,0.22
56,1,9.14,0.04
56,2,9.59,0.30
56,3,9.78,0.19
56,4,9.95,0.09
56,5,9.56,-0.31
56,6,8.50,-1.06
56,7,6.75,-1.80
56,8,5.43,-1.32
56,9,5.15,-0.29
56,10,4.72,-0.43
56,11,4.56,-0.16
56,12,4.24,-0.31
56,13,4.37,0.13
56,14,4.75,0.38
56,15,4.92,0.18
56,16,5.31,0.39
56,17,5.85,0.54
56,18,6.16,0.40
56,19,6.94,0.79
56,20,7.93,0.97
56,21,9.33,1.41
56,22,9.87,0.54
56,23,10.05,0.18
57,0,19.76,0.40
57,1,20.11,0.29
57,2,20.52,0.53
57,3,21.24,0.72
57,4,21.33,-0.02
57,5,20.49,-0.73
57,6,18.27,-2.21
57,7,13.02,-5.23
57,8,9.77,-3.25
57,9,9.10,-0.67
57,10,8.27,-0.84
57,11,7.38,-0.89
57,12,6.69,-0.69
57,13,5.98,-0.70
57,14,6.46,0.48
57,15,8.21,1.75
57,16,11.99,3.78
57,17,13.78,1.79
57,18,13.45,-0.17
57,19,14.82,1.37
57,20,17.16,2.38
57,21,18.83,1.67
57,22,19.93,1.10
57,23,20.76,0.83
58,0,21.25,0.77
58,1,21.93,0.58
58,2,22.25,0.37
58,3,22.76,0.51
58,4,23.01,0.30
58,5,22.65,-0.40
58,6,21.03,-1.63
58,7,16.45,-4.48
58,8,12.19,-4.27
58,9,10.36,-1.83
58,10,8.57,-1.79
58,11,7.85,-0.72
58,12,7.49,-0.37
58,13,6.65,-0.84
58,14,7.34,0.69
58,15,8.93,1.59
58,16,11.98,3.05
58,17,14.04,2.07
58,18,14.92,1.27
58,19,16.33,1.40
58,20,18.78,2.49
58,21,20.74,1.96
58,22,21.66,0.92
58,23,22.33,0.67
60,0,3.92,-0.10
60,1,4.07,0.09
60,2,4.05,-0.58
60,3,4.20,0.15
60,4,4.53,0.24
60,5,4.49,0.05
60,6,8.84,4.35
60,7,25.01,16.32
60,8,40.63,15.63
60,9,42.91,2.27
60,10,40.95,-1.96
60,11,38.46,-2.49
60,12,37.82,-0.64
60,13,36.84,-0.98
60,14,32.21,-4.63
60,15,18.47,-13.74
60,16,7.17,-11.30
60,17,5.13,-2.05
60,18,4.82,-0.39
60,19,3.78,-1.05
60,20,3.35,-0.50
60,21,2.92,-0.44
60,22,2.84,-0.08
60,23,3.20,0.36
61,0,19.34,1.02
61,1,19.87,0.63
61,2,20.32,1.01
61,3,20.61,0.29
61,4,20.43,-0.20
61,5,19.39,-1.03
61,6,16.11,-3.28
61,7,8.95,-7.31
61,8,6.31,-2.64
61,9,5.76,-0.55
61,10,5.56,-0.21
61,11,5.34,-0.22
61,12,5.11,-0.23
61,13,4.91,-0.19
61,14,5.17,0.26
61,15,6.85,1.68
61,16,8.81,1.96
61,17,9.74,0.93
61,18,10.79,1.09
61,19,12.47,1.68
61,20,14.75,2.33
61,21,16.55,1.80
61,22,17.89,1.34
61,23,19.08,1.18
62,0,12.78,0.53
62,1,13.27,0.51
62,2,13.80,0.56
62,3,14.33,0.53
62,4,14.28,-0.10
62,5,13.36,-0.87
62,6,11.08,-2.29
62,7,7.03,-4.10
62,8,5.48,-1.56
62,9,5.40,-0.07
62,10,5.14,-0.27
62,11,4.50,-0.64
62,12,3.52,-0.99
62,13,3.37,-0.14
62,14,4.00,0.63
62,15,5.28,1.28
62,16,5.93,0.65
62,17,5.91,-0.03
62,18,5.79,-0.20
62,19,6.87,1.08
62,20,8.50,1.72
62,21,10.28,1.78
62,22,11.60,1.32
62,23,12.87,1.27
63,0,15.29,0.50
63,1,15.77,0.50
63,2,16.84,1.28
63,3,17.33,0.49
63,4,17.00,-0.34
63,5,15.63,-1.37
63,6,12.69,-2.94
63,7,7.62,-5.14
63,8,6.36,-1.25
63,9,6.06,-0.30
63,10,5.20,-0.86
63,11,4.34,-0.86
63,12,3.91,-0.43
63,13,4.34,0.43
63,14,5.58,1.23
63,15,6.67,1.10
63,16,8.37,1.70
63,17,9.16,0.79
63,18,8.68,-0.50
63,19,9.38,0.70
63,20,11.88,2.55
63,21,13.63,1.75
63,22,14.26,0.63
63,23,14.43,0.17
64,0,11.47,0.11
64,1,11.84,0.42
64,2,13.36,1.44
64,3,13.94,0.58
64,4,14.49,0.27
64,5,16.97,2.77
64,6,19.14,2.16
64,7,15.26,-3.78
64,8,13.56,-1.70
64,9,14.08,0.51
64,10,12.92,-1.15
64,11,12.63,-0.29
64,12,13.29,0.65
64,13,11.74,-1.55
64,14,10.16,-1.57
64,15,9.26,-0.90
64,16,8.84,-0.42
64,17,9.75,0.91
64,18,10.39,0.58
64,19,11.06,0.67
64,20,9.31,-1.69
64,21,9.07,-0.25
64,22,10.34,1.27
64,23,11.40,1.06
65,0,13.44,-0.72
65,1,12.81,-0.67
65,2,12.51,-0.25
65,3,12.65,0.14
65,4,12.73,0.19
65,5,14.05,1.21
65,6,16.42,2.38
65,7,20.56,4.24
65,8,23.27,2.71
65,9,24.70,1.43
65,10,24.63,-0.08
65,11,24.60,-0.02
65,12,25.62,1.01
65,13,26.26,0.64
65,14,26.53,0.27
65,15,22.90,-3.63
65,16,21.30,-1.59
65,17,21.44,0.14
65,18,23.08,1.48
65,19,21.65,-1.43
65,20,18.05,-3.78
65,21,13.56,-4.49
65,22,11.31,-2.25
65,23,10.52,-0.79
66,0,9.22,0.11
66,1,9.16,-0.13
66,2,8.62,-0.60
66,3,8.53,-0.09
66,4,8.65,-0.06
66,5,8.37,-0.10
66,6,7.55,-0.82
66,7,8.24,0.73
66,8,9.02,0.78
66,9,9.64,0.80
66,10,10.33,0.49
66,11,10.39,0.06
66,12,10.93,0.54
66,13,11.90,0.97
66,14,12.23,0.33
66,15,12.10,-0.13
66,16,12.56,0.46
66,17,13.13,0.57
66,18,12.44,-0.67
66,19,11.24,-1.19
66,20,10.00,-1.35
66,21,9.33,-0.67
66,22,8.57,-0.76
66,23,8.41,-0.17
68,0,19.17,0.97
68,1,19.36,0.55
68,2,19.10,-0.05
68,3,18.77,-0.33
68,4,18.50,-0.31
68,5,16.72,-1.75
68,6,11.35,-5.37
68,7,4.67,-7.17
68,8,3.68,-1.00
68,9,3.25,-0.42
68,10,3.01,-0.25
68,11,2.78,-0.23
68,12,3.33,0.55
68,13,3.93,0.60
68,14,6.07,2.14
68,15,10.27,4.20
68,16,11.50,1.23
68,17,11.66,0.16
68,18,11.72,-0.04
68,19,12.54,0.83
68,20,14.38,2.08
68,21,17.14,2.76
68,22,18.82,1.68
68,23,19.50,0.68
69,0,1.16,-0.31
69,1,0.94,-0.25
69,2,0.84,-0.21
69,3,0.74,-0.10
69,4,0.70,-0.05
69,5,0.55,-0.14
69,6,0.88,0.33
69,7,1.73,0.87
69,8,2.92,1.18
69,9,4.01,1.09
69,10,4.56,0.55
69,11,4.57,0.01
69,12,3.96,-0.62
69,13,3.78,-0.18
69,14,3.13,-0.65
69,15,2.11,-1.02
69,16,1.86,-0.25
69,17,2.01,0.15
69,18,2.14,0.11
69,19,2.54,0.40
69,20,2.21,-0.27
69,21,1.94,-0.27
69,22,1.45,-0.49
69,23,1.18,-0.27
70,0,7.78,0.51
70,1,7.91,0.23
70,2,8.14,0.27
70,3,8.09,-0.05
70,4,7.69,-0.54
70,5,6.80,-0.76
70,6,5.01,-1.79
70,7,2.68,-2.49
70,8,1.65,-1.03
70,9,2.05,0.41
70,10,2.29,0.23
70,11,1.54,-0.74
70,12,2.18,0.63
70,13,3.21,1.03
70,14,3.22,0.01
70,15,4.82,1.59
70,16,6.39,1.58
70,17,5.27,-1.13
70,18,4.57,-0.79
70,19,5.32,0.75
70,20,6.13,0.87
70,21,7.32,1.19
70,22,8.24,0.92
70,23,8.47,0.23
71,0,6.74,-0.06
71,1,6.79,-0.06
71,2,6.69,0.09
71,3,6.69,0.00
71,4,6.85,0.05
71,5,6.91,0.17
71,6,7.31,0.39
71,7,6.76,-0.42
71,8,6.08,-0.68
71,9,6.06,-0.02
71,10,6.21,0.15
71,11,7.17,1.12
71,12,8.11,0.94
71,13,8.59,0.47
71,14,9.21,0.62
71,15,8.66,-0.54
71,16,11.50,2.84
71,17,13.51,2.00
71,18,13.81,0.08
71,19,11.38,-2.43
71,20,8.91,-2.67
71,21,7.20,-1.71
71,22,6.47,-0.73
71,23,6.34,-0.13
72,0,13.96,0.34
72,1,14.26,0.34
72,2,14.30,0.27
72,3,14.41,0.10
72,4,14.40,0.05
72,5,14.79,0.34
72,6,14.26,-0.53
72,7,11.18,-3.12
72,8,8.39,-2.79
72,9,7.87,-0.52
72,10,7.72,-0.15
72,11,7.83,0.12
72,12,8.53,0.70
72,13,8.07,-0.46
72,14,8.08,0.01
72,15,9.34,1.26
72,16,12.75,3.41
72,17,14.79,2.04
72,18,14.73,-0.08
72,19,15.86,1.14
72,20,15.79,-0.07
72,21,14.94,-0.84
72,22,14.12,-0.82
72,23,13.54,-0.58
73,0,4.60,0.12
73,1,4.74,0.04
73,2,4.84,-0.10
73,3,4.84,0.00
73,4,4.78,-0.02
73,5,4.81,-0.02
73,6,5.55,0.74
73,7,7.37,1.93
73,8,10.05,2.69
73,9,9.26,-0.79
73,10,8.67,-0.59
73,11,8.23,-0.44
73,12,8.08,-0.16
73,13,7.67,-0.41
73,14,6.86,-0.81
73,15,4.66,-2.20
73,16,4.79,0.13
73,17,6.39,1.60
73,18,7.27,1.12
73,19,6.90,-0.38
73,20,6.24,-0.80
73,21,5.06,-1.17
73,22,4.74,-0.33
73,23,4.60,-0.14
74,0,8.24,0.10
74,1,8.38,0.20
74,2,8.40,-0.29
74,3,8.48,0.08
74,4,8.50,-0.02
74,5,8.08,-0.38
74,6,8.88,0.81
74,7,7.96,-0.97
74,8,5.89,-2.06
74,9,5.14,-0.75
74,10,4.97,-0.18
74,11,4.99,0.02
74,12,4.84,-0.15
74,13,5.04,0.20
74,14,5.23,0.19
74,15,4.75,-0.48
74,16,6.35,1.61
74,17,7.51,1.16
74,18,8.32,0.81
74,19,8.00,-0.31
74,20,8.13,0.12
74,21,8.07,-0.06
74,22,7.92,-0.15
74,23,8.07,0.15
75,0,19.79,0.96
75,1,20.39,0.79
75,2,20.87,0.59
75,3,21.21,0.34
75,4,20.65,-0.30
75,5,20.07,-0.84
75,6,16.64,-3.43
75,7,9.45,-7.43
75,8,5.83,-3.62
75,9,5.57,-0.26
75,10,5.62,0.05
75,11,4.95,-0.68
75,12,4.06,-0.89
75,13,5.35,1.29
75,14,6.60,1.25
75,15,8.57,1.97
75,16,12.00,3.44
75,17,13.85,1.84
75,18,14.54,1.23
75,19,14.83,0.29
75,20,16.94,2.17
75,21,18.87,1.93
75,22,20.68,1.80
75,23,21.69,1.01
76,0,14.50,0.36
76,1,14.52,0.28
76,2,14.44,-0.39
76,3,14.58,0.14
76,4,14.74,-0.03
76,5,14.30,-0.25
76,6,12.87,-1.43
76,7,9.69,-3.46
76,8,6.73,-2.95
76,9,6.32,-0.41
76,10,6.50,0.18
76,11,6.05,-0.45
76,12,5.67,-0.38
76,13,6.13,0.47
76,14,6.89,0.76
76,15,8.53,1.63
76,16,11.62,3.09
76,17,16.25,4.63
76,18,17.41,1.78
76,19,16.28,-1.12
76,20,13.92,-2.17
76,21,13.72,-0.20
76,22,14.58,0.86
76,23,14.81,0.23
78,0,14.60,0.91
78,1,15.78,1.15
78,2,16.65,0.35
78,3,17.25,0.60
78,4,17.15,0.09
78,5,17.04,-0.30
78,6,14.58,-2.46
78,7,9.19,-5.35
78,8,5.67,-3.53
78,9,5.09,-0.58
78,10,4.57,-0.52
78,11,3.92,-0.65
78,12,3.25,-0.67
78,13,2.89,-0.36
78,14,2.66,-0.23
78,15,3.15,0.49
78,16,4.39,1.24
78,17,6.01,1.62
78,18,7.22,1.23
78,19,8.83,1.61
78,20,10.95,2.25
78,21,13.12,2.17
78,22,15.18,2.06
78,23,15.98,0.80
79,0,1.19,-0.10
79,1,1.15,-0.01
79,2,1.19,-0.08
79,3,1.19,0.00
79,4,1.18,-0.01
79,5,2.72,1.54
79,6,5.60,2.88
79,7,4.66,-0.89
79,8,2.94,-1.72
79,9,3.40,0.46
79,10,4.24,0.84
79,11,5.13,0.89
79,12,5.57,0.43
79,13,5.50,-0.07
79,14,6.15,0.66
79,15,6.50,0.35
79,16,7.78,1.28
79,17,7.97,0.19
79,18,6.19,-1.82
79,19,2.97,-3.22
79,20,1.14,-1.76
79,21,0.97,-0.17
79,22,0.99,0.02
79,23,0.99,0.00
80,0,16.26,0.86
80,1,16.97,0.68
80,2,16.96,0.20
80,3,17.61,0.65
80,4,17.67,0.23
80,5,17.47,-0.37
80,6,16.62,-0.85
80,7,12.66,-3.93
80,8,8.30,-4.37
80,9,7.24,-1.05
80,10,6.98,-0.26
80,11,6.97,-0.02
80,12,6.86,-0.11
80,13,6.52,-0.33
80,14,6.53,0.00
80,15,7.38,0.86
80,16,10.34,2.95
80,17,12.52,2.18
80,18,13.62,1.44
80,19,14.40,0.78
80,20,14.51,0.07
80,21,14.87,0.37
80,22,15.59,0.72
80,23,16.29,0.70
81,0,3.49,0.05
81,1,3.70,0.14
81,2,3.82,-0.36
81,3,3.83,0.01
81,4,3.84,-0.03
81,5,4.40,0.60
81,6,7.95,3.55
81,7,8.89,1.09
81,8,7.98,-0.90
81,9,7.39,-0.59
81,10,6.79,-0.60
81,11,6.28,-0.51
81,12,5.57,-0.71
81,13,4.49,-1.08
81,14,2.57,-1.92
81,15,1.31,-1.26
81,16,1.74,0.43
81,17,2.58,0.83
81,18,3.34,0.71
81,19,3.62,0.28
81,20,3.41,-0.28
81,21,2.94,-0.47
81,22,3.27,0.33
81,23,3.30,0.03
82,0,6.24,0.29
82,1,6.32,0.12
82,2,6.55,0.18
82,3,6.55,-0.01
82,4,6.88,0.21
82,5,6.44,-0.30
82,6,5.76,-0.68
82,7,4.03,-1.77
82,8,2.85,-1.18
82,9,2.76,-0.09
82,10,2.48,-0.28
82,11,2.42,-0.06
82,12,2.28,-0.14
82,13,2.17,-0.12
82,14,1.91,-0.26
82,15,2.48,0.57
82,16,4.20,1.72
82,17,4.43,0.23
82,18,4.73,0.31
82,19,4.51,-0.22
82,20,5.52,0.92
82,21,6.40,0.88
82,22,7.03,0.62
82,23,6.80,-0.22
83,0,0.82,0.15
83,1,0.96,0.12
83,2,0.97,-0.06
83,3,0.91,-0.06
83,4,0.95,0.04
83,5,2.26,1.31
83,6,8.91,6.65
83,7,16.69,7.95
83,8,19.21,2.51
83,9,19.90,0.69
83,10,19.30,-0.59
83,11,17.93,-1.37
83,12,16.49,-1.44
83,13,12.98,-3.51
83,14,4.55,-8.43
83,15,1.38,-3.17
83,16,1.67,0.29
83,17,2.14,0.48
83,18,2.47,0.30
83,19,2.13,-0.34
83,20,0.76,-1.42
83,21,0.57,-0.19
83,22,0.76,0.20
83,23,0.77,0.01
85,0,9.37,0.35
85,1,9.79,0.31
85,2,10.12,0.55
85,3,10.24,0.11
85,4,10.35,0.09
85,5,9.94,-0.38
85,6,8.19,-1.75
85,7,5.38,-2.72
85,8,3.59,-1.79
85,9,3.25,-0.34
85,10,3.28,0.03
85,11,3.27,-0.01
85,12,2.87,-0.40
85,13,2.88,0.01
85,14,2.63,-0.25
85,15,2.67,0.05
85,16,3.43,0.76
85,17,4.94,1.51
85,18,5.75,0.83
85,19,6.66,0.90
85,20,8.26,1.53
85,21,9.12,0.86
85,22,9.97,0.84
85,23,10.42,0.46
86,0,14.22,0.61
86,1,15.09,0.70
86,2,16.32,1.66
86,3,16.52,0.20
86,4,16.83,0.20
86,5,16.26,-0.46
86,6,13.08,-3.17
86,7,7.67,-5.28
86,8,4.78,-2.89
86,9,4.38,-0.40
86,10,4.31,-0.07
86,11,3.88,-0.43
86,12,3.25,-0.63
86,13,2.94,-0.31
86,14,3.12,0.18
86,15,3.85,0.73
86,16,4.80,0.95
86,17,6.11,1.31
86,18,7.19,1.09
86,19,8.26,1.07
86,20,11.51,3.17
86,21,14.18,2.67
86,22,15.82,1.64
86,23,16.43,0.60
88,0,7.13,0.66
88,1,7.47,0.20
88,2,7.88,0.44
88,3,8.06,0.18
88,4,8.19,0.13
88,5,8.01,-0.18
88,6,7.79,-0.22
88,7,7.66,0.03
88,8,6.61,-1.05
88,9,6.32,-0.29
88,10,5.97,-0.35
88,11,5.28,-1.11
88,12,4.42,-0.86
88,13,3.53,-0.88
88,14,2.92,-0.61
88,15,3.26,0.34
88,16,3.08,-0.18
88,17,3.06,-0.02
88,18,3.04,0.26
88,19,3.90,0.86
88,20,4.87,0.87
88,21,5.97,1.10
88,22,6.56,0.58
88,23,7.44,0.89
89,0,18.27,0.60
89,1,18.34,-0.08
89,2,18.63,0.44
89,3,18.71,0.08
89,4,18.34,-0.17
89,5,17.85,-0.70
89,6,16.14,-1.71
89,7,12.02,-4.02
89,8,8.98,-3.04
89,9,7.86,-1.12
89,10,6.97,-0.89
89,11,6.22,-0.75
89,12,5.84,-0.38
89,13,5.62,-0.23
89,14,6.61,0.99
89,15,8.28,1.67
89,16,10.18,1.89
89,17,12.54,2.37
89,18,13.61,0.95
89,19,14.94,1.33
89,20,16.49,1.31
89,21,17.85,1.36
89,22,18.61,0.76
89,23,18.97,0.36
90,0,9.36,-0.34
90,1,9.37,0.01
90,2,8.98,-0.26
90,3,9.00,0.02
90,4,9.11,0.11
90,5,9.53,0.42
90,6,11.06,1.52
90,7,12.82,1.76
90,8,14.13,1.31
90,9,14.19,0.06
90,10,13.94,-0.25
90,11,12.63,-1.31
90,12,12.43,-0.20
90,13,13.04,0.61
90,14,12.70,-0.34
90,15,9.70,-3.01
90,16,8.24,-1.46
90,17,9.06,0.82
90,18,9.80,0.74
90,19,9.87,0.06
90,20,9.50,-0.36
90,21,8.90,-0.60
90,22,8.83,-0.07
90,23,8.71,-0.12
91,0,3.42,-0.21
91,1,3.50,0.00
91,2,3.45,-0.14
91,3,3.45,0.00
91,4,3.48,0.00
91,5,3.47,0.02
91,6,3.76,0.29
91,7,4.31,0.62
91,8,4.74,0.43
91,9,6.01,1.27
91,10,7.50,1.49
91,11,9.35,1.85
91,12,10.37,1.02
91,13,10.40,0.03
91,14,9.72,-0.68
91,15,8.54,-1.18
91,16,7.18,-1.36
91,17,6.94,-0.24
91,18,7.64,0.64
91,19,6.72,-0.92
91,20,5.73,-1.09
91,21,4.63,-1.10
91,22,4.19,-0.44
91,23,3.94,-0.25
92,0,10.68,0.04
92,1,10.95,0.11
92,2,11.00,0.32
92,3,11.00,0.00
92,4,10.88,0.02
92,5,10.72,-0.31
92,6,10.27,-0.44
92,7,9.44,-0.69
92,8,9.45,0.01
92,9,9.51,0.06
92,10,9.54,0.03
92,11,9.52,-0.02
92,12,9.54,0.02
92,13,9.71,0.17
92,14,9.68,-0.02
92,15,10.02,0.33
92,16,10.17,0.15
92,17,10.08,-0.10
92,18,10.17,0.00
92,19,9.95,-0.22
92,20,9.92,-0.15
92,21,10.16,0.23
92,22,10.31,0.15
92,23,10.37,0.06
93,0,13.46,0.05
93,1,13.34,0.00
93,2,13.42,0.23
93,3,13.50,0.08
93,4,13.53,0.06
93,5,13.54,-0.01
93,6,13.55,0.01
93,7,13.22,-0.44
93,8,12.81,-0.41
93,9,12.52,-0.29
93,10,12.20,-0.32
93,11,12.13,-0.08
93,12,12.27,0.15
93,13,12.51,0.24
93,14,12.67,0.16
93,15,12.52,-0.14
93,16,12.73,0.20
93,17,12.63,-0.10
93,18,13.02,0.39
93,19,12.70,-0.32
93,20,12.49,-0.06
93,21,12.54,0.05
93,22,12.77,0.23
93,23,12.85,0.08
94,0,22.15,-0.04
94,1,22.27,0.23
94,2,22.65,0.59
94,3,22.77,0.12
94,4,22.76,0.06
94,5,22.51,-0.31
94,6,20.17,-2.34
94,7,19.36,-0.97
94,8,20.81,1.45
94,9,20.99,0.18
94,10,20.12,-0.86
94,11,19.91,-0.22
94,12,20.01,0.10
94,13,20.12,0.11
94,14,20.01,-0.11
94,15,19.39,-0.61
94,16,19.01,-0.39
94,17,19.33,0.32
94,18,19.83,0.39
94,19,20.88,1.05
94,20,20.91,0.18
94,21,21.35,0.43
94,22,21.77,0.42
94,23,21.90,0.13
95,0,22.17,0.33
95,1,22.14,0.08
95,2,22.34,0.52
95,3,22.59,0.26
95,4,22.57,0.05
95,5,22.30,-0.34
95,6,20.35,-1.95
95,7,18.07,-2.41
95,8,16.44,-1.63
95,9,15.22,-1.23
95,10,14.43,-0.78
95,11,13.76,-0.67
95,12,13.42,-0.34
95,13,13.52,0.10
95,14,14.09,0.57
95,15,15.44,1.36
95,16,16.80,1.36
95,17,17.78,0.98
95,18,18.49,0.82
95,19,19.80,1.31
95,20,20.20,0.54
95,21,21.14,0.94
95,22,21.95,0.81
95,23,22.39,0.45
96,0,16.60,0.11
96,1,16.83,0.15
96,2,17.11,0.14
96,3,17.37,0.26
96,4,17.32,0.03
96,5,17.38,-0.02
96,6,16.88,-0.50
96,7,14.01,-2.79
96,8,12.38,-1.64
96,9,11.58,-0.80
96,10,11.12,-0.46
96,11,10.88,-0.24
96,12,10.56,-0.32
96,13,10.44,-0.12
96,14,11.39,0.95
96,15,12.79,1.41
96,16,13.32,0.53
96,17,14.26,0.94
96,18,14.70,0.60
96,19,15.52,0.82
96,20,15.65,0.10
96,21,16.29,0.64
96,22,16.64,0.35
96,23,17.00,0.36
97,0,5.88,0.04
97,1,6.01,0.13
97,2,6.23,-0.11
97,3,6.29,0.07
97,4,6.31,0.09
97,5,6.47,0.09
97,6,6.66,0.19
97,7,8.23,1.58
97,8,9.25,1.02
97,9,9.04,-0.21
97,10,8.70,-0.34
97,11,8.53,-0.17
97,12,8.27,-0.26
97,13,7.80,-0.47
97,14,6.59,-1.21
97,15,5.43,-1.16
97,16,4.85,-0.58
97,17,4.78,-0.07
97,18,5.02,0.17
97,19,5.17,0.15
97,20,5.50,0.31
97,21,5.67,0.17
97,22,5.96,0.28
97,23,6.19,0.23
98,0,6.55,0.24
98,1,6.69,0.15
98,2,6.95,0.28
98,3,7.03,0.08
98,4,7.08,0.04
98,5,7.03,-0.05
98,6,5.96,-1.07
98,7,3.58,-2.40
98,8,2.56,-1.01
98,9,2.31,-0.25
98,10,2.28,-0.03
98,11,2.21,-0.07
98,12,2.09,-0.12
98,13,2.04,-0.05
98,14,2.12,0.08
98,15,2.41,0.29
98,16,2.98,0.57
98,17,3.51,0.53
98,18,3.56,0.03
98,19,4.09,0.53
98,20,5.13,1.04
98,21,6.09,0.96
98,22,6.82,0.73
98,23,7.19,0.37
99,0,14.05,0.21
99,1,14.14,0.13
99,2,14.32,0.41
99,3,14.33,0.01
99,4,14.36,0.00
99,5,14.26,-0.07
99,6,13.38,-0.88
99,7,12.18,-1.26
99,8,11.36,-0.82
99,9,10.90,-0.45
99,10,10.64,-0.27
99,11,10.38,-0.26
99,12,10.04,-0.34
99,13,10.08,0.04
99,14,10.38,0.30
99,15,10.90,0.52
99,16,11.48,0.58
99,17,11.89,0.41
99,18,12.38,0.64
99,19,12.57,0.19
99,20,12.81,0.31
99,21,13.26,0.45
99,22,13.86,0.60
99,23,14.18,0.32
100,0,8.39,0.39
100,1,8.67,0.27
100,2,8.79,-0.05
100,3,8.98,0.19
100,4,9.06,0.10
100,5,9.13,0.05
100,6,8.21,-0.92
100,7,6.32,-1.89
100,8,4.63,-1.69
100,9,4.35,-0.28
100,10,4.30,-0.05
100,11,4.21,-0.09
100,12,4.01,-0.21
100,13,3.73,-0.28
100,14,3.50,-0.23
100,15,4.12,0.62
100,16,5.02,0.90
100,17,5.53,0.51
100,18,5.77,0.24
100,19,6.11,0.34
100,20,6.83,0.74
100,21,7.44,0.61
100,22,7.93,0.49
100,23,8.54,0.61
101,0,12.64,0.00
101,1,12.74,-0.11
101,2,12.86,0.30
101,3,13.04,0.18
101,4,13.42,0.22
101,5,13.39,0.14
101,6,13.04,-0.35
101,7,12.67,-0.16
101,8,12.80,0.13
101,9,12.73,-0.08
101,10,12.46,-0.27
101,11,12.35,-0.11
101,12,11.98,-0.37
101,13,11.56,-0.42
101,14,11.24,-0.32
101,15,10.92,-0.32
101,16,11.75,0.83
101,17,12.11,0.36
101,18,12.13,0.08
101,19,12.18,0.05
101,20,11.58,-0.75
101,21,11.56,-0.02
101,22,11.72,0.16
101,23,11.75,0.03
102,0,8.01,0.25
102,1,8.14,0.13
102,2,8.08,-0.25
102,3,8.11,0.03
102,4,8.23,0.06
102,5,8.04,-0.13
102,6,7.40,-0.64
102,7,6.53,-0.88
102,8,5.56,-0.98
102,9,5.22,-0.34
102,10,4.92,-0.29
102,11,4.60,-0.32
102,12,4.25,-0.36
102,13,4.20,-0.05
102,14,4.33,0.13
102,15,4.69,0.37
102,16,5.15,0.45
102,17,5.54,0.40
102,18,5.72,0.09
102,19,5.98,0.27
102,20,6.81,0.85
102,21,7.32,0.51
102,22,7.75,0.44
102,23,8.17,0.42
103,0,11.49,0.25
103,1,11.81,0.30
103,2,12.24,0.62
103,3,12.42,0.17
103,4,12.55,0.22
103,5,12.69,0.05
103,6,11.75,-0.94
103,7,10.88,-0.83
103,8,9.42,-1.46
103,9,8.70,-0.72
103,10,7.86,-0.84
103,11,7.42,-0.44
103,12,6.96,-0.46
103,13,6.52,-0.44
103,14,6.09,-0.43
103,15,5.89,-0.20
103,16,6.59,0.70
103,17,7.96,1.37
103,18,8.93,1.05
103,19,9.53,0.59
103,20,10.51,0.88
103,21,11.02,0.50
103,22,11.29,0.27
103,23,11.47,0.18
104,0,13.01,0.20
104,1,13.35,0.19
104,2,13.36,0.05
104,3,13.50,0.14
104,4,13.45,0.10
104,5,13.59,-0.01
104,6,13.35,-0.24
104,7,11.92,-1.29
104,8,11.03,-0.89
104,9,10.65,-0.38
104,10,10.30,-0.35
104,11,9.96,-0.35
104,12,9.64,-0.32
104,13,9.75,0.11
104,14,9.81,0.06
104,15,10.14,0.33
104,16,10.84,0.70
104,17,10.79,-0.05
104,18,10.72,0.04
104,19,11.34,0.62
104,20,12.27,0.80
104,21,12.77,0.50
104,22,13.18,0.40
104,23,13.47,0.29
105,0,16.10,0.62
105,1,16.42,0.32
105,2,16.81,0.56
105,3,16.89,0.08
105,4,16.77,-0.06
105,5,16.85,0.02
105,6,16.25,-0.60
105,7,14.00,-2.25
105,8,13.00,-1.00
105,9,12.26,-0.74
105,10,11.87,-0.39
105,11,11.60,-0.27
105,12,11.61,0.01
105,13,11.42,-0.19
105,14,10.94,-0.48
105,15,11.27,0.33
105,16,11.70,0.43
105,17,12.02,0.32
105,18,12.19,0.30
105,19,12.93,0.74
105,20,14.01,1.04
105,21,14.84,0.83
105,22,15.02,0.19
105,23,15.29,0.26
106,0,6.44,0.35
106,1,6.56,0.09
106,2,6.48,-0.39
106,3,6.62,0.14
106,4,6.83,0.14
106,5,7.01,0.26
106,6,7.69,0.68
106,7,9.89,2.25
106,8,10.54,0.65
106,9,9.96,-0.58
106,10,9.10,-0.86
106,11,8.32,-0.78
106,12,7.95,-0.38
106,13,7.42,-0.53
106,14,6.26,-1.16
106,15,4.24,-2.01
106,16,3.52,-0.72
106,17,4.22,0.70
106,18,4.55,0.26
106,19,4.81,0.26
106,20,5.54,0.69
106,21,5.56,0.03
106,22,5.55,-0.01
106,23,5.93,0.38
107,0,13.81,0.57
107,1,14.66,0.79
107,2,15.03,0.65
107,3,15.29,0.26
107,4,15.21,0.06
107,5,14.91,-0.44
107,6,13.32,-1.58
107,7,10.05,-3.23
107,8,7.67,-2.38
107,9,6.77,-0.90
107,10,5.89,-0.88
107,11,5.28,-0.61
107,12,4.98,-0.30
107,13,5.15,0.17
107,14,5.78,0.63
107,15,6.62,0.84
107,16,7.76,1.13
107,17,9.06,1.30
107,18,9.34,0.31
107,19,10.22,0.88
107,20,11.70,1.44
107,21,13.23,1.53
107,22,14.26,1.03
107,23,14.87,0.60
108,0,3.18,0.19
108,1,3.41,0.27
108,2,3.97,0.35
108,3,3.99,0.03
108,4,4.14,0.11
108,5,4.12,0.02
108,6,4.46,0.34
108,7,5.90,1.43
108,8,7.61,1.71
108,9,8.79,1.18
108,10,8.52,-0.27
108,11,7.96,-0.56
108,12,7.51,-0.45
108,13,7.16,-0.36
108,14,6.08,-1.08
108,15,3.47,-2.61
108,16,2.04,-1.44
108,17,2.05,0.02
108,18,2.66,0.68
108,19,3.14,0.47
108,20,3.56,0.50
108,21,3.46,-0.11
108,22,2.86,-0.60
108,23,2.90,0.04
109,0,4.67,-0.26
109,1,4.91,0.12
109,2,5.25,0.31
109,3,5.24,-0.02
109,4,5.39,0.22
109,5,5.29,-0.15
109,6,5.41,0.12
109,7,4.75,-0.53
109,8,5.78,1.04
109,9,6.62,0.83
109,10,6.10,-0.52
109,11,5.69,-0.41
109,12,5.63,-0.06
109,13,4.94,-0.69
109,14,4.16,-0.77
109,15,2.48,-1.69
109,16,1.89,-0.59
109,17,1.61,-0.27
109,18,2.90,1.24
109,19,4.08,1.18
109,20,4.58,0.80
109,21,4.18,-0.40
109,22,4.16,-0.01
109,23,4.33,0.17
110,0,5.48,0.54
110,1,6.06,0.52
110,2,6.46,0.57
110,3,6.78,0.32
110,4,6.89,0.02
110,5,6.78,-0.02
110,6,6.18,-0.60
110,7,5.77,-0.35
110,8,6.26,0.49
110,9,5.68,-0.58
110,10,5.44,-0.25
110,11,4.93,-0.51
110,12,4.64,-0.29
110,13,3.88,-0.76
110,14,3.04,-0.85
110,15,2.83,-0.21
110,16,2.21,-0.61
110,17,2.29,0.08
110,18,2.77,0.46
110,19,2.93,0.15
110,20,3.24,0.29
110,21,3.92,0.68
110,22,4.54,0.62
110,23,5.35,0.80
111,0,5.05,0.16
111,1,5.45,0.31
111,2,5.98,0.68
111,3,6.18,0.20
111,4,6.21,0.02
111,5,5.97,-0.23
111,6,4.69,-1.27
111,7,4.33,-0.29
111,8,5.32,0.99
111,9,5.07,-0.25
111,10,4.29,-0.78
111,11,3.65,-0.64
111,12,3.32,-0.33
111,13,2.49,-0.83
111,14,2.37,-0.12
111,15,2.11,-0.26
111,16,1.70,-0.42
111,17,1.73,0.03
111,18,1.72,-0.04
111,19,1.90,0.19
111,20,3.05,1.11
111,21,3.82,0.77
111,22,4.30,0.48
111,23,4.50,0.20
112,0,1.30,-0.17
112,1,1.28,-0.03
112,2,1.27,0.02
112,3,1.28,0.01
112,4,1.35,0.14
112,5,1.68,0.26
112,6,1.92,0.24
112,7,1.91,0.01
112,8,2.85,0.94
112,9,4.00,1.15
112,10,4.78,0.78
112,11,4.87,0.09
112,12,4.96,0.09
112,13,4.87,-0.08
112,14,4.30,-0.57
112,15,4.21,-0.09
112,16,2.88,-1.33
112,17,1.85,-1.03
112,18,2.12,0.24
112,19,1.87,-0.25
112,20,2.22,0.41
112,21,1.89,-0.32
112,22,1.51,-0.38
112,23,1.33,-0.18
113,0,2.91,-0.19
113,1,2.76,-0.19
113,2,2.60,-0.23
113,3,2.59,0.00
113,4,2.78,0.18
113,5,2.86,0.09
113,6,2.51,-0.35
113,7,1.84,-0.64
113,8,3.07,1.23
113,9,4.16,1.09
113,10,4.69,0.53
113,11,4.90,0.22
113,12,4.25,-0.65
113,13,4.60,0.34
113,14,5.52,0.92
113,15,6.29,0.78
113,16,3.66,-2.63
113,17,3.05,-0.61
113,18,3.08,-0.02
113,19,2.95,-0.13
113,20,4.62,1.63
113,21,4.41,-0.21
113,22,3.55,-0.86
113,23,3.30,-0.26
114,0,1.98,0.01
114,1,2.03,0.00
114,2,2.16,0.17
114,3,2.31,0.14
114,4,2.19,0.02
114,5,2.23,-0.10
114,6,2.37,0.14
114,7,2.23,-0.09
114,8,3.28,1.06
114,9,3.88,0.60
114,10,3.53,-0.35
114,11,3.52,-0.01
114,12,3.04,-0.48
114,13,2.42,-0.62
114,14,1.77,-0.65
114,15,1.58,-0.19
114,16,1.30,-0.28
114,17,1.67,0.37
114,18,1.96,0.28
114,19,1.57,-0.38
114,20,2.13,0.54
114,21,2.22,0.09
114,22,1.93,-0.28
114,23,1.97,0.04
115,0,11.33,0.44
115,1,11.75,0.22
115,2,11.85,0.37
115,3,12.05,0.20
115,4,11.59,-0.38
115,5,10.35,-1.33
115,6,7.35,-2.99
115,7,3.57,-3.68
115,8,3.54,-0.03
115,9,3.43,-0.11
115,10,3.41,-0.02
115,11,3.20,-0.22
115,12,3.34,0.15
115,13,3.13,-0.22
115,14,3.84,0.72
115,15,3.96,0.12
115,16,3.83,-0.13
115,17,3.92,0.09
115,18,4.94,0.95
115,19,6.64,1.70
115,20,8.81,2.14
115,21,10.78,1.97
115,22,11.45,0.66
115,23,11.79,0.35
116,0,11.42,0.95
116,1,12.00,0.49
116,2,12.72,1.12
116,3,12.98,0.25
116,4,12.67,-0.34
116,5,11.98,-0.66
116,6,8.65,-3.33
116,7,5.00,-3.63
116,8,3.71,-1.28
116,9,5.00,1.29
116,10,5.46,0.45
116,11,6.31,0.85
116,12,6.92,0.61
116,13,6.46,-0.47
116,14,6.81,0.35
116,15,7.34,0.53
116,16,6.99,-0.35
116,17,7.14,0.16
116,18,8.48,1.23
116,19,9.43,0.95
116,20,10.00,0.50
116,21,10.08,0.07
116,22,10.28,0.20
116,23,11.05,0.77
117,0,6.06,0.01
117,1,6.25,0.09
117,2,6.59,0.40
117,3,6.65,0.06
117,4,5.98,-0.66
117,5,5.12,-0.88
117,6,2.46,-2.66
117,7,1.53,-0.91
117,8,1.48,-0.05
117,9,1.09,-0.39
117,10,1.14,0.05
117,11,0.83,-0.31
117,12,1.04,0.21
117,13,1.26,0.22
117,14,1.64,0.39
117,15,1.64,-0.01
117,16,1.84,0.21
117,17,2.04,0.20
117,18,2.60,0.54
117,19,3.65,1.04
117,20,4.76,1.09
117,21,5.78,1.02
117,22,6.27,0.50
117,23,6.32,0.05
118,0,8.78,-0.28
118,1,8.33,-0.53
118,2,8.71,0.62
118,3,8.92,0.20
118,4,8.33,-0.48
118,5,7.83,-0.62
118,6,6.71,-1.12
118,7,6.88,0.21
118,8,8.32,1.43
118,9,5.80,-2.52
118,10,5.00,-0.80
118,11,3.74,-1.27
118,12,3.53,-0.20
118,13,3.47,-0.06
118,14,2.67,-0.81
118,15,1.88,-0.79
118,16,1.96,0.08
118,17,2.80,0.84
118,18,4.04,1.19
118,19,5.07,1.03
118,20,7.03,1.86
118,21,8.39,1.36
118,22,9.11,0.73
118,23,9.23,0.12
119,0,3.46,-0.15
119,1,3.16,-0.21
119,2,3.02,-0.09
119,3,2.99,-0.03
119,4,3.04,0.01
119,5,3.18,0.18
119,6,5.51,2.33
119,7,10.78,5.22
119,8,14.51,3.74
119,9,14.48,-0.03
119,10,12.85,-1.63
119,11,10.73,-2.12
119,12,9.79,-0.94
119,13,8.61,-1.18
119,14,4.96,-3.65
119,15,1.62,-3.33
119,16,1.31,-0.31
119,17,1.39,0.08
119,18,1.86,0.45
119,19,2.64,0.78
119,20,3.34,0.81
119,21,3.45,0.11
119,22,3.51,0.06
119,23,3.44,-0.07
120,0,7.02,-0.56
120,1,6.43,-0.46
120,2,6.24,0.05
120,3,5.88,-0.36
120,4,5.91,-0.07
120,5,5.75,-0.06
120,6,8.08,2.33
120,7,7.72,-0.47
120,8,6.45,-1.28
120,9,6.46,0.02
120,10,6.81,0.35
120,11,8.28,1.47
120,12,8.89,0.61
120,13,9.50,0.62
120,14,14.34,4.84
120,15,13.09,-1.25
120,16,9.46,-3.63
120,17,8.29,-1.17
120,18,8.22,0.02
120,19,8.04,-0.18
120,20,8.69,0.79
120,21,8.86,0.18
120,22,8.44,-0.43
120,23,7.57,-0.86
121,0,8.38,0.26
121,1,7.35,0.05
121,2,7.30,-0.05
121,3,7.35,0.05
121,4,6.97,-0.21
121,5,7.54,0.38
121,6,7.01,-0.52
121,7,6.96,-1.14
121,8,8.02,1.05
121,9,8.16,0.15
121,10,8.63,0.47
121,11,8.63,0.00
121,12,9.35,0.72
121,13,9.23,-0.12
121,14,8.91,0.08
121,15,9.36,0.45
121,16,8.57,-0.79
121,17,8.83,0.08
121,18,8.84,0.26
121,19,8.98,0.13
121,20,8.01,-0.24
121,21,8.35,0.34
121,22,7.89,-0.45
121,23,7.48,-0.41
122,0,11.57,-2.95
122,1,10.71,-0.91
122,2,10.67,0.02
122,3,10.54,-0.13
122,4,10.33,-0.25
122,5,9.55,-0.75
122,6,9.04,-0.51
122,7,13.31,4.26
122,8,15.79,2.48
122,9,14.61,-1.18
122,10,12.21,-2.39
122,11,10.81,-1.41
122,12,10.69,-0.12
122,13,10.59,-0.10
122,14,8.25,-2.34
122,15,6.10,-2.15
122,16,6.57,0.47
122,17,8.53,1.96
122,18,10.26,1.61
122,19,11.88,1.62
122,20,13.34,1.36
122,21,13.93,0.59
122,22,13.55,-0.38
122,23,11.69,-1.86
123,0,14.66,0.60
123,1,14.58,-0.01
123,2,14.81,0.61
123,3,14.55,-0.26
123,4,14.47,-0.27
123,5,13.43,-0.86
123,6,11.15,-2.28
123,7,8.16,-3.12
123,8,5.50,-2.66
123,9,4.50,-1.00
123,10,4.55,0.05
123,11,4.35,-0.20
123,12,4.64,0.29
123,13,5.46,0.82
123,14,5.81,0.35
123,15,5.57,-0.24
123,16,7.38,1.81
123,17,9.10,1.72
123,18,9.36,0.14
123,19,10.16,0.81
123,20,12.18,1.81
123,21,14.27,2.09
123,22,15.22,0.96
123,23,15.63,0.40
125,0,23.52,0.48
125,1,23.99,0.30
125,2,24.55,1.06
125,3,24.97,0.42
125,4,25.16,0.17
125,5,24.17,-0.96
125,6,20.80,-3.38
125,7,15.28,-5.41
125,8,10.70,-4.58
125,9,9.10,-1.60
125,10,8.62,-0.48
125,11,7.98,-0.64
125,12,7.60,-0.38
125,13,8.90,1.30
125,14,10.76,1.86
125,15,12.80,2.04
125,16,16.34,3.55
125,17,19.27,2.93
125,18,20.59,1.44
125,19,21.54,0.95
125,20,21.05,-0.44
125,21,21.87,0.82
125,22,22.74,0.87
125,23,23.61,0.87
126,0,8.73,0.08
126,1,8.43,-0.16
126,2,8.36,-0.40
126,3,8.44,0.07
126,4,8.69,0.25
126,5,9.11,0.43
126,6,10.63,1.52
126,7,13.95,3.21
126,8,16.23,2.28
126,9,16.26,0.03
126,10,15.98,-0.28
126,11,15.62,-0.36
126,12,15.47,-0.15
126,13,15.55,0.08
126,14,14.08,-1.47
126,15,11.16,-2.92
126,16,9.67,-1.49
126,17,8.94,-0.73
126,18,8.86,-0.07
126,19,8.83,-0.03
126,20,8.64,-0.28
126,21,8.57,-0.07
126,22,8.22,-0.35
126,23,8.05,-0.17
127,0,5.24,-0.64
127,1,5.09,-0.26
127,2,5.09,-0.15
127,3,5.26,0.17
127,4,5.60,0.44
127,5,7.03,1.35
127,6,9.28,2.25
127,7,14.85,5.75
127,8,19.51,4.66
127,9,20.73,1.23
127,10,20.79,0.05
127,11,20.33,-0.46
127,12,18.77,-1.56
127,13,16.92,-1.85
127,14,12.96,-3.96
127,15,8.83,-4.13
127,16,6.57,-2.25
127,17,6.73,0.16
127,18,6.57,-0.22
127,19,6.67,0.10
127,20,6.84,0.06
127,21,6.73,-0.11
127,22,6.05,-0.68
127,23,5.56,-0.48
128,0,5.50,-0.04
128,1,5.39,0.06
128,2,5.53,0.09
128,3,5.40,-0.13
128,4,5.29,-0.14
128,5,4.96,-0.30
128,6,3.46,-1.50
128,7,1.74,-1.92
128,8,1.09,-0.66
128,9,0.84,-0.24
128,10,0.78,-0.07
128,11,0.90,0.12
128,12,0.95,0.05
128,13,1.11,0.16
128,14,1.30,0.20
128,15,1.39,0.09
128,16,2.54,1.15
128,17,2.59,0.05
128,18,2.81,0.19
128,19,3.06,0.25
128,20,3.99,1.02
128,21,5.02,1.04
128,22,5.80,0.77
128,23,6.12,0.32
129,0,11.34,0.48
129,1,11.43,0.12
129,2,11.70,0.19
129,3,11.63,-0.07
129,4,11.52,-0.17
129,5,10.85,-0.62
129,6,7.46,-3.39
129,7,4.24,-3.32
129,8,3.10,-1.14
129,9,3.09,-0.01
129,10,2.79,-0.31
129,11,2.64,-0.15
129,12,2.33,-0.32
129,13,2.46,0.13
129,14,2.93,0.48
129,15,3.60,0.67
129,16,3.70,0.10
129,17,4.18,0.49
129,18,4.52,0.30
129,19,5.49,0.97
129,20,7.72,2.22
129,21,9.58,1.85
129,22,10.40,0.82
129,23,10.97,0.57
130,0,1.68,0.01
130,1,1.66,-0.01
130,2,1.56,-0.12
130,3,1.49,-0.07
130,4,1.51,0.00
130,5,1.99,0.49
130,6,5.40,3.41
130,7,14.81,9.48
130,8,20.87,6.06
130,9,21.49,0.62
130,10,18.98,-2.51
130,11,18.92,-0.06
130,12,18.14,-0.78
130,13,16.79,-1.35
130,14,11.52,-5.27
130,15,2.03,-9.49
130,16,1.22,-0.80
130,17,1.28,0.06
130,18,1.71,0.43
130,19,1.58,-0.13
130,20,1.60,0.01
130,21,1.50,-0.10
130,22,1.31,-0.20
130,23,1.23,-0.08
131,0,4.50,0.06
131,1,4.35,-0.20
131,2,3.95,-0.50
131,3,3.83,-0.12
131,4,3.86,-0.01
131,5,4.11,0.29
131,6,6.61,2.50
131,7,12.63,6.11
131,8,17.61,4.98
131,9,19.11,1.50
131,10,18.55,-0.56
131,11,17.32,-1.24
131,12,16.25,-1.07
131,13,14.72,-1.53
131,14,9.30,-5.42
131,15,2.34,-6.96
131,16,1.74,-0.60
131,17,1.75,0.01
131,18,2.45,0.68
131,19,2.61,0.16
131,20,3.34,0.75
131,21,3.57,0.23
131,22,3.84,0.27
131,23,3.96,0.11
133,0,12.29,0.19
133,1,12.43,0.24
133,2,12.76,0.44
133,3,13.06,0.29
133,4,13.06,0.09
133,5,12.83,-0.31
133,6,9.73,-3.10
133,7,5.28,-4.59
133,8,2.60,-2.68
133,9,2.32,-0.27
133,10,2.32,-0.01
133,11,2.09,-0.23
133,12,2.23,0.14
133,13,2.46,0.23
133,14,3.09,0.64
133,15,5.08,1.99
133,16,6.50,1.41
133,17,7.61,1.11
133,18,7.84,0.17
133,19,9.86,2.03
133,20,11.90,2.10
133,21,12.79,0.89
133,22,13.50,0.72
133,23,14.00,0.49
134,0,17.44,0.62
134,1,17.85,0.48
134,2,18.21,0.48
134,3,18.42,0.21
134,4,18.54,-0.03
134,5,18.15,-0.24
134,6,16.77,-1.38
134,7,11.45,-5.41
134,8,8.40,-3.05
134,9,7.44,-0.96
134,10,6.48,-0.96
134,11,5.59,-0.90
134,12,5.13,-0.46
134,13,4.85,-0.28
134,14,5.27,0.42
134,15,6.08,0.82
134,16,7.61,1.53
134,17,9.48,1.87
134,18,10.34,0.84
134,19,11.63,1.29
134,20,13.27,1.62
134,21,15.43,2.16
134,22,16.73,1.30
134,23,17.53,0.81
135,0,4.05,0.23
135,1,4.23,0.12
135,2,4.14,-0.22
135,3,4.07,-0.06
135,4,4.10,-0.03
135,5,4.25,0.21
135,6,3.64,-0.61
135,7,3.59,0.00
135,8,4.15,0.56
135,9,4.73,0.58
135,10,4.51,-0.22
135,11,4.19,-0.31
135,12,4.07,-0.13
135,13,4.07,0.00
135,14,3.99,-0.08
135,15,4.52,0.52
135,16,4.16,-0.36
135,17,3.90,-0.26
135,18,4.73,0.76
135,19,4.64,-0.09
135,20,4.02,-0.65
135,21,3.63,-0.39
135,22,3.57,-0.06
135,23,3.98,0.41
136,0,5.69,0.39
136,1,5.85,0.13
136,2,5.86,0.13
136,3,5.88,0.02
136,4,5.67,-0.15
136,5,5.51,-0.23
136,6,5.42,-0.09
136,7,5.07,-0.33
136,8,4.01,-1.07
136,9,3.75,-0.26
136,10,3.71,-0.03
136,11,3.48,-0.23
136,12,3.47,-0.02
136,13,3.58,0.11
136,14,2.98,-0.60
136,15,2.72,-0.26
136,16,2.68,-0.04
136,17,2.75,0.07
136,18,3.01,0.24
136,19,3.67,0.66
136,20,4.54,0.83
136,21,4.94,0.40
136,22,5.31,0.37
136,23,5.72,0.42
137,0,13.94,0.53
137,1,14.33,0.47
137,2,14.45,0.40
137,3,14.63,0.19
137,4,14.56,-0.07
137,5,14.33,-0.24
137,6,13.21,-1.12
137,7,10.46,-2.84
137,8,10.43,-0.03
137,9,10.70,0.27
137,10,10.32,-0.38
137,11,10.15,-0.17
137,12,9.66,-0.49
137,13,9.47,-0.18
137,14,8.92,-0.55
137,15,9.62,0.70
137,16,11.67,2.05
137,17,11.92,0.25
137,18,11.83,0.01
137,19,10.69,-1.15
137,20,11.46,0.86
137,21,12.50,1.03
137,22,13.17,0.68
137,23,13.39,0.22
138,0,17.92,0.77
138,1,18.69,0.70
138,2,19.09,0.55
138,3,19.62,0.53
138,4,19.92,0.11
138,5,18.94,-0.79
138,6,15.14,-3.80
138,7,11.99,-3.12
138,8,10.26,-1.74
138,9,9.54,-0.72
138,10,9.14,-0.40
138,11,8.12,-1.02
138,12,7.24,-0.88
138,13,7.12,-0.12
138,14,7.59,0.47
138,15,10.33,2.74
138,16,12.79,2.46
138,17,13.95,1.16
138,18,14.59,0.84
138,19,15.37,0.78
138,20,15.51,0.08
138,21,16.82,1.30
138,22,17.65,0.83
138,23,18.19,0.54
139,0,15.26,0.25
139,1,15.53,0.19
139,2,15.59,-0.13
139,3,15.78,0.19
139,4,15.52,0.04
139,5,15.71,-0.11
139,6,14.71,-1.00
139,7,12.83,-1.81
139,8,13.00,0.17
139,9,13.18,0.18
139,10,13.01,-0.17
139,11,12.44,-0.57
139,12,11.99,-0.45
139,13,11.32,-0.67
139,14,10.29,-1.03
139,15,10.25,-0.04
139,16,11.85,1.60
139,17,12.88,1.03
139,18,13.26,0.37
139,19,13.80,0.53
139,20,14.63,0.76
139,21,15.04,0.41
139,22,15.36,0.33
139,23,15.68,0.31
140,0,11.88,0.05
140,1,11.89,0.03
140,2,12.15,0.29
140,3,12.10,-0.05
140,4,12.00,-0.04
140,5,12.02,-0.04
140,6,11.35,-0.67
140,7,10.41,-0.97
140,8,10.10,-0.31
140,9,10.11,0.01
140,10,9.97,-0.15
140,11,9.95,-0.01
140,12,10.26,0.30
140,13,10.17,-0.09
140,14,9.55,-0.62
140,15,9.78,0.23
140,16,10.42,0.64
140,17,11.00,0.57
140,18,11.76,0.76
140,19,12.11,0.35
140,20,12.04,-0.05
140,21,12.10,0.06
140,22,12.42,0.32
140,23,12.72,0.30
141,0,14.42,0.15
141,1,14.42,0.12
141,2,14.71,0.57
141,3,14.93,0.22
141,4,15.89,1.02
141,5,16.16,0.24
141,6,14.81,-1.36
141,7,12.75,-2.16
141,8,10.73,-2.02
141,9,10.06,-0.66
141,10,9.71,-0.35
141,11,9.39,-0.33
141,12,8.68,-0.70
141,13,8.40,-0.28
141,14,9.07,0.67
141,15,9.97,0.90
141,16,10.69,0.72
141,17,11.33,0.64
141,18,11.17,0.10
141,19,11.78,0.61
141,20,12.43,0.81
141,21,13.28,0.85
141,22,14.11,0.83
141,23,14.42,0.31
142,0,6.90,-0.16
142,1,7.08,0.04
142,2,6.86,-0.74
142,3,6.71,-0.16
142,4,6.92,0.18
142,5,7.35,0.46
142,6,6.74,-0.61
142,7,5.66,-0.95
142,8,5.20,-0.46
142,9,5.00,-0.20
142,10,4.53,-0.47
142,11,4.00,-0.53
142,12,4.20,0.20
142,13,4.35,0.15
142,14,4.31,-0.04
142,15,5.38,1.07
142,16,6.58,1.19
142,17,7.49,0.92
142,18,8.15,0.85
142,19,7.82,-0.33
142,20,7.27,-0.64
142,21,6.55,-0.72
142,22,6.65,0.10
142,23,7.17,0.52
144,0,11.79,0.44
144,1,12.13,0.36
144,2,12.37,0.14
144,3,12.49,0.12
144,4,12.73,0.11
144,5,12.33,-0.27
144,6,11.24,-1.09
144,7,8.24,-3.03
144,8,6.04,-2.20
144,9,5.37,-0.68
144,10,5.09,-0.28
144,11,4.93,-0.16
144,12,4.72,-0.22
144,13,4.69,-0.02
144,14,5.09,0.40
144,15,5.96,0.87
144,16,6.51,0.55
144,17,7.50,0.98
144,18,8.40,1.03
144,19,8.94,0.54
144,20,10.22,1.26
144,21,10.79,0.57
144,22,11.38,0.60
144,23,11.75,0.36
145,0,4.74,0.03
145,1,4.83,0.00
145,2,4.88,-0.05
145,3,4.80,-0.09
145,4,4.67,-0.14
145,5,4.46,-0.20
145,6,4.03,-0.43
145,7,3.34,-0.61
145,8,2.82,-0.53
145,9,2.53,-0.29
145,10,2.70,0.17
145,11,2.73,0.03
145,12,2.82,0.09
145,13,2.62,-0.20
145,14,2.83,0.21
145,15,3.57,0.73
145,16,3.54,-0.03
145,17,3.52,-0.02
145,18,4.09,0.58
145,19,4.71,0.62
145,20,5.19,0.42
145,21,5.10,-0.09
145,22,4.98,-0.12
145,23,4.85,-0.13
146,0,9.90,0.24
146,1,10.16,0.16
146,2,10.33,0.32
146,3,10.50,0.17
146,4,10.60,0.05
146,5,10.40,-0.15
146,6,10.10,-0.30
146,7,9.51,-0.50
146,8,8.70,-0.81
146,9,8.18,-0.52
146,10,7.95,-0.23
146,11,7.66,-0.29
146,12,7.73,0.07
146,13,7.79,0.06
146,14,7.51,-0.28
146,15,7.49,-0.02
146,16,8.27,0.78
146,17,9.08,0.81
146,18,9.07,0.02
146,19,8.82,-0.25
146,20,9.08,0.16
146,21,9.61,0.53
146,22,9.71,0.10
146,23,9.89,0.18
147,0,3.48,0.05
147,1,3.50,-0.05
147,2,3.70,0.03
147,3,3.67,-0.03
147,4,3.63,-0.07
147,5,3.70,0.09
147,6,4.92,1.22
147,7,6.21,1.38
147,8,6.41,0.20
147,9,6.42,0.01
147,10,6.30,-0.11
147,11,6.12,-0.18
147,12,5.83,-0.28
147,13,5.43,-0.41
147,14,4.81,-0.61
147,15,3.65,-1.16
147,16,2.72,-0.93
147,17,2.66,-0.07
147,18,2.59,-0.12
147,19,2.83,0.24
147,20,3.26,0.40
147,21,2.97,-0.29
147,22,2.99,0.03
147,23,3.03,0.03
148,0,17.29,0.82
148,1,17.54,0.37
148,2,17.92,0.66
148,3,18.19,0.27
148,4,18.19,-0.02
148,5,17.78,-0.39
148,6,15.25,-2.53
148,7,12.26,-3.14
148,8,9.72,-2.54
148,9,8.66,-1.06
148,10,7.72,-0.94
148,11,6.95,-0.77
148,12,6.13,-0.82
148,13,5.67,-0.46
148,14,5.83,0.16
148,15,6.72,0.89
148,16,8.03,1.31
148,17,9.43,1.40
148,18,10.58,1.16
148,19,11.82,1.25
148,20,13.10,1.30
148,21,15.51,2.41
148,22,16.86,1.35
148,23,17.62,0.76
149,0,11.45,0.58
149,1,11.87,0.47
149,2,12.36,0.41
149,3,12.42,0.05
149,4,12.26,-0.03
149,5,10.93,-1.46
149,6,6.88,-4.05
149,7,3.35,-3.67
149,8,2.20,-1.15
149,9,1.98,-0.22
149,10,1.75,-0.23
149,11,2.18,0.43
149,12,2.39,0.21
149,13,2.24,-0.15
149,14,2.45,0.22
149,15,3.76,1.30
149,16,6.12,2.37
149,17,6.97,0.85
149,18,7.01,-0.05
149,19,7.96,0.95
149,20,9.50,1.59
149,21,10.96,1.46
149,22,11.52,0.56
149,23,12.23,0.71
150,0,4.36,-0.34
150,1,4.20,-0.25
150,2,3.63,-0.45
150,3,3.38,-0.25
150,4,3.50,0.06
150,5,3.58,0.14
150,6,4.07,0.49
150,7,7.75,3.76
150,8,12.25,4.55
150,9,13.50,1.25
150,10,13.87,0.37
150,11,14.08,0.20
150,12,14.64,0.56
150,13,14.44,-0.20
150,14,13.98,-0.46
150,15,12.75,-1.23
150,16,11.09,-1.66
150,17,9.56,-1.53
150,18,8.71,-1.03
150,19,7.34,-1.37
150,20,5.73,-1.65
150,21,4.18,-1.56
150,22,3.54,-0.63
150,23,3.38,-0.17
151,0,8.36,0.12
151,1,8.30,-0.01
151,2,8.33,0.17
151,3,8.39,0.06
151,4,8.45,-0.01
151,5,8.29,-0.09
151,6,8.11,-0.18
151,7,7.79,-0.38
151,8,7.51,-0.28
151,9,7.32,-0.19
151,10,6.96,-0.36
151,11,6.79,-0.17
151,12,6.74,-0.05
151,13,6.36,-0.38
151,14,6.11,-0.25
151,15,6.19,0.08
151,16,6.29,0.10
151,17,6.24,-0.04
151,18,6.13,-0.14
151,19,6.60,0.48
151,20,7.19,0.64
151,21,7.60,0.40
151,22,7.81,0.22
151,23,7.97,0.16
152,0,9.91,0.17
152,1,10.00,0.13
152,2,10.08,0.20
152,3,10.12,0.04
152,4,10.14,0.02
152,5,10.08,-0.05
152,6,9.78,-0.30
152,7,9.14,-0.69
152,8,8.76,-0.38
152,9,8.65,-0.12
152,10,8.63,-0.02
152,11,8.47,-0.16
152,12,8.49,0.02
152,13,8.36,-0.13
152,14,8.43,0.07
152,15,8.45,0.02
152,16,8.53,0.09
152,17,8.75,0.22
152,18,8.98,0.21
152,19,9.17,0.20
152,20,9.32,0.16
152,21,9.47,0.16
152,22,9.70,0.22
152,23,9.90,0.21
153,0,13.11,-0.03
153,1,13.14,0.01
153,2,13.24,0.17
153,3,13.22,-0.02
153,4,13.32,0.01
153,5,13.20,-0.03
153,6,12.80,-0.40
153,7,12.29,-0.50
153,8,12.09,-0.20
153,9,11.97,-0.12
153,10,12.04,0.07
153,11,11.78,-0.26
153,12,11.65,-0.13
153,13,11.47,-0.18
153,14,11.63,0.15
153,15,12.13,0.50
153,16,12.50,0.37
153,17,12.56,0.05
153,18,12.26,-0.27
153,19,12.47,0.21
153,20,12.90,0.37
153,21,13.14,0.23
153,22,13.20,0.07
153,23,13.14,-0.06
154,0,8.13,-0.19
154,1,8.12,-0.10
154,2,8.06,-0.07
154,3,8.02,-0.04
154,4,7.89,-0.11
154,5,7.81,-0.11
154,6,7.60,-0.21
154,7,6.85,-0.68
154,8,6.51,-0.34
154,9,6.91,0.40
154,10,7.34,0.43
154,11,7.66,0.32
154,12,8.08,0.42
154,13,7.97,-0.12
154,14,7.88,-0.08
154,15,7.89,0.01
154,16,8.16,0.27
154,17,7.78,-0.38
154,18,8.22,0.48
154,19,8.59,0.37
154,20,8.79,0.19
154,21,8.93,0.14
154,22,8.86,-0.07
154,23,8.69,-0.17
155,0,11.33,-0.33
155,1,10.99,-0.35
155,2,11.14,0.11
155,3,11.11,-0.03
155,4,11.14,0.02
155,5,11.28,0.15
155,6,11.86,0.58
155,7,14.39,2.55
155,8,15.68,1.29
155,9,16.46,0.78
155,10,16.63,0.17
155,11,17.18,0.55
155,12,17.42,0.24
155,13,17.79,0.37
155,14,17.23,-0.57
155,15,16.44,-0.79
155,16,15.18,-1.25
155,17,14.90,-0.29
155,18,14.35,-0.51
155,19,13.44,-0.91
155,20,12.64,-0.79
155,21,11.89,-0.75
155,22,11.42,-0.47
155,23,11.09,-0.33
156,0,13.90,0.05
156,1,13.84,0.01
156,2,13.80,-0.04
156,3,13.84,0.05
156,4,13.88,0.06
156,5,13.94,0.04
156,6,13.75,-0.19
156,7,13.85,0.04
156,8,13.80,-0.06
156,9,13.85,0.05
156,10,13.92,0.07
156,11,14.05,0.13
156,12,14.35,0.30
156,13,14.53,0.18
156,14,14.53,0.00
156,15,14.15,-0.38
156,16,13.97,-0.19
156,17,14.03,0.07
156,18,13.95,-0.05
156,19,14.09,0.14
156,20,14.13,0.12
156,21,14.12,-0.02
156,22,13.84,-0.27
156,23,13.78,-0.07
157,0,8.06,0.18
157,1,8.30,0.22
157,2,8.33,-0.13
157,3,8.34,0.00
157,4,8.31,0.03
157,5,8.38,0.01
157,6,8.24,-0.14
157,7,8.08,-0.14
157,8,8.01,-0.06
157,9,7.95,-0.06
157,10,7.80,-0.16
157,11,7.54,-0.26
157,12,7.43,-0.11
157,13,7.39,-0.04
157,14,7.20,-0.19
157,15,7.00,-0.21
157,16,7.01,0.01
157,17,6.96,-0.05
157,18,7.14,0.16
157,19,7.13,-0.02
157,20,7.35,0.20
157,21,7.51,0.16
157,22,7.66,0.15
157,23,7.78,0.13
158,0,7.86,0.11
158,1,7.96,0.07
158,2,7.98,0.08
158,3,8.00,0.03
158,4,7.97,0.00
158,5,7.99,-0.01
158,6,7.66,-0.33
158,7,7.18,-0.47
158,8,6.99,-0.19
158,9,6.88,-0.11
158,10,6.60,-0.28
158,11,6.38,-0.23
158,12,6.21,-0.17
158,13,6.06,-0.15
158,14,5.72,-0.33
158,15,5.93,0.21
158,16,6.29,0.35
158,17,6.33,0.04
158,18,6.38,0.03
158,19,6.62,0.24
158,20,6.93,0.30
158,21,7.37,0.45
158,22,7.56,0.19
158,23,7.67,0.11
159,0,15.13,0.08
159,1,15.24,0.11
159,2,15.34,0.30
159,3,15.46,0.12
159,4,15.57,0.04
159,5,15.49,-0.01
159,6,15.08,-0.41
159,7,14.79,-0.28
159,8,14.43,-0.36
159,9,14.15,-0.28
159,10,13.58,-0.56
159,11,13.43,-0.15
159,12,13.70,0.27
159,13,13.64,-0.06
159,14,13.55,-0.09
159,15,13.55,0.00
159,16,14.01,0.46
159,17,14.66,0.65
159,18,14.85,0.19
159,19,14.93,0.08
159,20,14.82,-0.13
159,21,14.98,0.16
159,22,15.21,0.22
159,23,15.27,0.06
160,0,9.10,-0.03
160,1,9.06,-0.02
160,2,9.04,-0.15
160,3,9.04,0.00
160,4,9.08,0.00
160,5,9.05,0.01
160,6,9.17,0.12
160,7,9.35,0.16
160,8,9.15,-0.20
160,9,9.12,-0.03
160,10,9.13,0.01
160,11,9.16,0.03
160,12,9.29,0.14
160,13,9.49,0.20
160,14,9.52,0.02
160,15,9.36,-0.15
160,16,9.57,0.20
160,17,9.46,-0.10
160,18,9.53,0.02
160,19,9.25,-0.27
160,20,9.09,-0.15
160,21,9.01,-0.08
160,22,9.09,0.08
160,23,9.12,0.03
